SKU,year,week_num,ret_net_code,price_per_sku
84395,2019,18,1,164.694
84395,2019,18,2,164.694
84395,2019,18,3,134.5001
84395,2019,22,1,165.19799999999998
84395,2019,22,2,136.28834999999998
84395,2019,22,3,151.4315
11050,2019,11,1,106.07600000000001
11050,2019,11,2,127.2912
11050,2019,11,3,101.83296
49661,2019,48,1,156.47652
49661,2019,48,2,158.08968
49661,2019,48,3,158.08968
19632,2019,36,1,152.04167999999999
19632,2019,36,2,155.17656
19632,2019,36,3,172.41840000000002
89272,2019,52,1,137.6034
89272,2019,52,2,150.1128
89272,2019,52,3,137.6034
11050,2019,18,1,105.57343999999999
11050,2019,18,2,129.2736
11050,2019,18,3,107.728
49661,2019,32,1,156.20317999999997
49661,2019,32,2,191.26919999999998
49661,2019,32,3,175.33010000000002
89272,2019,10,1,133.5455
89272,2019,10,2,133.5455
89272,2019,10,3,116.5488
80308,2019,9,1,116.88
80308,2019,9,2,116.88
80308,2019,9,3,112.20479999999999
49661,2019,8,1,160.434
49661,2019,8,2,176.47740000000002
49661,2019,8,3,160.434
84395,2019,29,1,133.9856
84395,2019,29,2,135.3528
84395,2019,29,3,131.25119999999998
49661,2019,42,1,162.114
49661,2019,42,2,162.114
49661,2019,42,3,155.62944
84395,2019,37,1,136.45520000000002
84395,2019,37,2,136.45520000000002
84395,2019,37,3,133.6704
89272,2019,35,1,119.14122
89272,2019,35,2,135.10860000000002
89272,2019,35,3,119.14122
89272,2019,13,1,133.892
89272,2019,13,2,119.2856
89272,2019,13,3,118.0684
80308,2019,25,1,142.1376
80308,2019,25,2,130.2928
80308,2019,25,3,118.448
54404,2019,17,1,80.27136
54404,2019,17,2,100.33919999999999
54404,2019,17,3,91.97760000000001
80308,2019,40,1,120.555
80308,2019,40,2,144.666
80308,2019,40,3,116.93835
84395,2019,1,1,161.256
84395,2019,1,2,147.818
84395,2019,1,3,147.818
84395,2019,17,1,151.37760000000003
84395,2019,17,2,151.37760000000003
84395,2019,17,3,133.48752000000002
54404,2019,52,1,84.37212
54404,2019,52,2,85.23306
54404,2019,52,3,82.65024
54404,2019,8,1,78.51071999999999
54404,2019,8,2,81.782
54404,2019,8,3,78.51071999999999
49661,2019,42,1,178.32540000000003
49661,2019,42,2,158.87172
49661,2019,42,3,178.32540000000003
89272,2019,38,1,124.345
89272,2019,38,2,123.10155
89272,2019,38,3,136.7795
80631,2019,44,1,86.6307
80631,2019,44,2,89.31
80631,2019,44,3,89.31
49661,2019,29,1,194.352
49661,2019,29,2,161.96
49661,2019,29,3,161.96
84395,2019,11,1,163.29119999999998
84395,2019,11,2,133.35448
84395,2019,11,3,149.6836
80308,2019,40,1,132.61050000000003
80308,2019,40,2,120.555
80308,2019,40,3,118.1439
19632,2019,46,1,149.59392
19632,2019,46,2,152.71045999999998
19632,2019,46,3,155.827
11050,2019,5,1,103.37823999999999
11050,2019,5,2,116.03680000000001
11050,2019,5,3,101.26848
80308,2019,47,1,115.77984
80308,2019,47,2,144.7248
80308,2019,47,3,118.19192
11050,2019,44,1,109.31
11050,2019,44,2,131.172
11050,2019,44,3,106.0307
80308,2019,8,1,112.11072
80308,2019,8,2,116.78200000000001
80308,2019,8,3,113.27854
80308,2019,3,1,113.96616
80308,2019,3,2,115.12908
80308,2019,3,3,127.92120000000001
80308,2019,14,1,115.6143
80308,2019,14,2,117.9981
80308,2019,14,3,131.109
89272,2019,38,1,121.8581
89272,2019,38,2,136.7795
89272,2019,38,3,136.7795
89272,2019,40,1,120.81835000000001
89272,2019,40,2,137.0105
89272,2019,40,3,124.555
54404,2019,43,1,82.86292
54404,2019,43,2,93.00940000000001
54404,2019,43,3,93.00940000000001
80631,2019,38,1,86.06034000000001
80631,2019,38,2,86.94756000000001
80631,2019,38,3,86.94756000000001
49661,2019,49,1,179.85000000000002
49661,2019,49,2,179.85000000000002
49661,2019,49,3,158.595
54404,2019,3,1,78.04032
54404,2019,3,2,89.42120000000001
54404,2019,3,3,89.42120000000001
54404,2019,32,1,81.88415999999998
54404,2019,32,2,83.59007999999997
54404,2019,32,3,82.73711999999998
84395,2019,19,1,133.2295
84395,2019,19,2,164.82
84395,2019,19,3,133.2295
84395,2019,52,1,136.59055
84395,2019,52,2,168.97799999999998
84395,2019,52,3,135.1824
54404,2019,43,1,81.17184
54404,2019,43,2,82.86292
54404,2019,43,3,82.01738
19632,2019,48,1,153.34536
19632,2019,48,2,154.92623999999998
19632,2019,48,3,153.34536
80308,2019,1,1,128.1225
80308,2019,1,2,114.1455
80308,2019,1,3,112.98074999999999
11050,2019,41,1,110.304
11050,2019,41,2,108.09792
11050,2019,41,3,106.99488
80308,2019,7,1,128.799
80308,2019,7,2,114.7482
80308,2019,7,3,128.799
80308,2019,15,1,131.2476
80308,2019,15,2,143.1792
80308,2019,15,3,116.92968
80308,2019,29,1,116.9044
80308,2019,29,2,132.572
80308,2019,29,3,116.9044
11050,2019,35,1,129.3912
11050,2019,35,2,106.74774000000001
11050,2019,35,3,118.60860000000002
80308,2019,37,1,118.43888000000001
80308,2019,37,2,132.94160000000002
80308,2019,37,3,117.23032
89272,2019,8,1,117.15213999999999
89272,2019,8,2,117.15213999999999
89272,2019,8,3,119.54299999999999
80631,2019,50,1,97.3324
80631,2019,50,2,97.3324
80631,2019,50,3,88.484
11050,2019,1,1,102.31075
11050,2019,1,2,116.02250000000001
11050,2019,1,3,116.02250000000001
49661,2019,13,1,158.82399999999998
49661,2019,13,2,155.64752
49661,2019,13,3,152.47104
49661,2019,24,1,175.8075
49661,2019,24,2,175.8075
49661,2019,24,3,159.825
84395,2019,18,1,164.694
84395,2019,18,2,134.5001
84395,2019,18,3,150.9695
19632,2019,43,1,149.33184
19632,2019,43,2,171.10940000000002
19632,2019,43,3,152.44292
89272,2019,34,1,148.70999999999998
89272,2019,34,2,121.4465
89272,2019,34,3,136.3175
11050,2019,7,1,107.30799999999999
11050,2019,7,2,105.16184
11050,2019,7,3,107.30799999999999
11050,2019,5,1,105.488
11050,2019,5,2,105.488
11050,2019,5,3,102.32336
80308,2019,10,1,140.37359999999998
80308,2019,10,2,140.37359999999998
80308,2019,10,3,113.46865999999999
89272,2019,3,1,120.292
89272,2019,3,2,117.88616
89272,2019,3,3,116.68324
19632,2019,43,1,150.88738
19632,2019,43,2,186.66479999999999
19632,2019,43,3,155.554
80308,2019,38,1,116.12927999999998
80308,2019,38,2,118.54863999999999
80308,2019,38,3,133.0648
89272,2019,28,1,121.63600000000001
89272,2019,28,2,120.41964000000002
89272,2019,28,3,119.20328
80308,2019,17,1,113.67235999999998
80308,2019,17,2,116.01611999999999
80308,2019,17,3,112.50047999999998
80308,2019,43,1,117.88215999999998
80308,2019,43,2,121.52799999999999
80308,2019,43,3,133.6808
54404,2019,34,1,82.67039999999999
54404,2019,34,2,86.115
54404,2019,34,3,83.53155
11050,2019,51,1,106.28159999999998
11050,2019,51,2,109.60289999999999
11050,2019,51,3,121.781
54404,2019,33,1,100.37279999999998
54404,2019,33,2,82.80756
54404,2019,33,3,81.13467999999999
11050,2019,20,1,128.34959999999998
11050,2019,20,2,105.88842
11050,2019,20,3,117.6538
54404,2019,5,1,90.068
54404,2019,5,2,81.0612
54404,2019,5,3,81.88
54404,2019,51,1,82.55616
54404,2019,51,2,84.27608000000001
54404,2019,51,3,84.27608000000001
89272,2019,33,1,118.30272000000001
89272,2019,33,2,135.5552
89272,2019,33,3,123.23200000000001
80308,2019,20,1,112.76256
80308,2019,20,2,140.95319999999998
80308,2019,20,3,129.2071
11050,2019,34,1,106.2344
11050,2019,34,2,120.47200000000001
11050,2019,34,3,109.52
11050,2019,6,1,105.985
11050,2019,6,2,105.985
11050,2019,6,3,102.80545
19632,2019,35,1,151.72948
19632,2019,35,2,170.3086
19632,2019,35,3,151.72948
54404,2019,52,1,84.37212
54404,2019,52,2,103.3128
54404,2019,52,3,83.51118
89272,2019,26,1,136.57930000000002
89272,2019,26,2,122.92137
89272,2019,26,3,136.57930000000002
19632,2019,37,1,152.15032
19632,2019,37,2,156.856
19632,2019,37,3,152.15032
11050,2019,6,1,102.80545
11050,2019,6,2,103.86529999999999
11050,2019,6,3,102.80545
49661,2019,32,1,153.01536
49661,2019,32,2,175.33010000000002
49661,2019,32,3,154.60926999999998
84395,2019,42,1,132.29952
84395,2019,42,2,165.3744
84395,2019,42,3,133.67764
80631,2019,48,1,88.77503999999999
80631,2019,48,2,92.47399999999999
80631,2019,48,3,88.77503999999999
80308,2019,33,1,142.37279999999998
80308,2019,33,2,117.45755999999999
80308,2019,33,3,116.27112
89272,2019,51,1,121.24612
89272,2019,51,2,149.9952
89272,2019,51,3,137.49560000000002
11050,2019,26,1,102.75113
11050,2019,26,2,104.86971
11050,2019,26,3,105.929
84395,2019,26,1,165.702
84395,2019,26,2,151.89350000000002
84395,2019,26,3,132.5616
84395,2019,14,1,130.9152
84395,2019,14,2,136.37
84395,2019,14,3,132.2789
80308,2019,14,1,119.19
80308,2019,14,2,116.80619999999999
80308,2019,14,3,131.109
49661,2019,18,1,190.55519999999999
49661,2019,18,2,190.55519999999999
49661,2019,18,3,174.6756
60870,2019,8,1,111.73915
60870,2019,8,2,114.04305
60870,2019,8,3,110.5872
84395,2019,49,1,139.8
84395,2019,49,2,139.8
84395,2019,49,3,153.78000000000003
80631,2019,32,1,88.134
80631,2019,32,2,105.7608
80631,2019,32,3,96.9474
84395,2019,21,1,138.064
84395,2019,21,2,136.68336
84395,2019,21,3,133.92208
84395,2019,15,1,132.37395999999998
84395,2019,15,2,163.7616
84395,2019,15,3,131.00928
84395,2019,28,1,132.8194
84395,2019,28,2,149.08300000000003
84395,2019,28,3,130.1088
80308,2019,32,1,115.48416
80308,2019,32,2,144.3552
80308,2019,32,3,115.48416
49661,2019,20,1,154.0368
49661,2019,20,2,158.85045000000002
49661,2019,20,3,154.0368
60870,2019,12,1,112.87051999999998
60870,2019,12,2,112.87051999999998
60870,2019,12,3,115.17399999999999
80308,2019,6,1,117.78299999999999
80308,2019,6,2,141.3396
80308,2019,6,3,114.24950999999999
49661,2019,19,1,154.4064
49661,2019,19,2,157.6232
49661,2019,19,3,154.4064
60870,2019,13,1,112.38143999999998
60870,2019,13,2,128.7704
60870,2019,13,3,112.38143999999998
49661,2019,10,1,153.43872
49661,2019,10,2,191.7984
49661,2019,10,3,159.832
11050,2019,51,1,106.28159999999998
11050,2019,51,2,121.781
11050,2019,51,3,110.71
24125,2019,16,1,105.82409
24125,2019,16,2,130.9164
24125,2019,16,3,104.73312
49661,2019,12,1,192.59640000000002
49661,2019,12,2,157.28706
49661,2019,12,3,157.28706
84395,2019,33,1,164.46720000000002
84395,2019,33,2,150.76160000000002
84395,2019,33,3,137.056
49661,2019,28,1,177.4245
49661,2019,28,2,177.4245
49661,2019,28,3,158.0691
49661,2019,7,1,155.9082
49661,2019,7,2,157.4991
49661,2019,7,3,152.72639999999998
89272,2019,51,1,119.99616
89272,2019,51,2,123.74604000000001
89272,2019,51,3,119.99616
89272,2019,46,1,147.77759999999998
89272,2019,46,2,147.77759999999998
89272,2019,46,3,120.68504
84395,2019,23,1,134.50696000000002
84395,2019,23,2,134.50696000000002
84395,2019,23,3,137.252
11050,2019,51,1,132.85199999999998
11050,2019,51,2,109.60289999999999
11050,2019,51,3,108.49579999999999
49661,2019,16,1,152.28287999999998
49661,2019,16,2,157.04172
49661,2019,16,3,152.28287999999998
80631,2019,39,1,99.08800000000001
80631,2019,39,2,99.08800000000001
80631,2019,39,3,86.4768
11050,2019,2,1,126.678
11050,2019,2,2,126.678
11050,2019,2,3,103.4537
80631,2019,48,1,88.77503999999999
80631,2019,48,2,92.47399999999999
80631,2019,48,3,89.69977999999999
49661,2019,41,1,163.304
49661,2019,41,2,179.63440000000003
49661,2019,41,3,158.40488
80631,2019,21,1,85.91095999999999
80631,2019,21,2,87.68231999999999
80631,2019,21,3,97.4248
80308,2019,16,1,118.50399999999999
80308,2019,16,2,116.13391999999999
80308,2019,16,3,116.13391999999999
89272,2019,40,1,149.466
89272,2019,40,2,122.0639
89272,2019,40,3,120.81835000000001
80308,2019,28,1,118.189
80308,2019,28,2,130.0079
80308,2019,28,3,115.82521999999999
60870,2019,12,1,115.17399999999999
60870,2019,12,2,126.6914
60870,2019,12,3,115.17399999999999
89272,2019,36,1,121.05548
89272,2019,36,2,135.87860000000003
89272,2019,36,3,135.87860000000003
54404,2019,45,1,104.1024
54404,2019,45,2,85.88448000000001
54404,2019,45,3,85.01696000000001
89272,2019,9,1,118.0508
89272,2019,9,2,120.46
89272,2019,9,3,120.46
54404,2019,9,1,90.992
54404,2019,9,2,81.0656
54404,2019,9,3,80.2384
11050,2019,35,1,104.59122
11050,2019,35,2,106.74774000000001
11050,2019,35,3,104.59122
11050,2019,42,1,118.59320000000002
11050,2019,42,2,106.73388000000001
11050,2019,42,3,105.65576000000001
89272,2019,2,1,116.09856
89272,2019,2,2,118.51728
89272,2019,2,3,118.51728
89272,2019,52,1,137.6034
89272,2019,52,2,122.59212
89272,2019,52,3,137.6034
84395,2019,13,1,133.54656000000003
84395,2019,13,2,134.90928000000002
84395,2019,13,3,136.27200000000002
84395,2019,46,1,138.04672
84395,2019,46,2,140.864
84395,2019,46,3,154.95040000000003
84395,2019,2,1,130.14239999999998
84395,2019,2,2,135.565
84395,2019,2,3,135.565
11050,2019,39,1,108.49579999999999
11050,2019,39,2,108.49579999999999
11050,2019,39,3,110.71
89272,2019,24,1,118.464
89272,2019,24,2,122.16600000000001
89272,2019,24,3,118.464
11050,2019,29,1,118.00800000000001
11050,2019,29,2,107.28
11050,2019,29,3,105.1344
11050,2019,25,1,106.34176
11050,2019,25,2,107.42688
11050,2019,25,3,105.25664
80308,2019,24,1,114.7995
80308,2019,24,2,142.01999999999998
80308,2019,24,3,113.61599999999999
49661,2019,10,1,191.7984
49661,2019,10,2,175.8152
49661,2019,10,3,175.8152
54404,2019,7,1,80.872
54404,2019,7,2,80.872
54404,2019,7,3,80.872
80308,2019,18,1,116.35343999999999
80308,2019,18,2,117.54072
80308,2019,18,3,116.35343999999999
80631,2019,45,1,106.4832
80631,2019,45,2,86.96128
80631,2019,45,3,88.736
60870,2019,5,1,111.81408
60870,2019,5,2,114.096
60870,2019,5,3,114.096
49661,2019,39,1,162.45
49661,2019,39,2,159.201
49661,2019,39,3,159.201
24125,2019,11,1,107.74512
24125,2019,11,2,109.944
24125,2019,11,3,106.64568
11050,2019,30,1,104.16479999999999
11050,2019,30,2,108.505
11050,2019,30,3,108.505
19632,2019,47,1,151.90587999999997
19632,2019,47,2,153.47191999999998
19632,2019,47,3,156.60399999999998
11050,2019,30,1,104.16479999999999
11050,2019,30,2,119.3555
11050,2019,30,3,108.505
60870,2019,6,1,126.4835
60870,2019,6,2,126.4835
60870,2019,6,3,110.3856
89272,2019,49,1,136.51
89272,2019,49,2,122.859
89272,2019,49,3,124.1
49661,2019,1,1,191.04600000000002
49661,2019,1,2,191.04600000000002
49661,2019,1,3,152.8368
24125,2019,20,1,107.14134999999999
24125,2019,20,2,110.455
24125,2019,20,3,107.14134999999999
80308,2019,49,1,116.64
80308,2019,49,2,119.07
80308,2019,49,3,121.5
49661,2019,19,1,157.6232
49661,2019,19,2,176.924
49661,2019,19,3,154.4064
49661,2019,16,1,158.628
49661,2019,16,2,174.4908
49661,2019,16,3,153.86916
80631,2019,42,1,91.71799999999999
80631,2019,42,2,90.80081999999999
80631,2019,42,3,89.88363999999999
49661,2019,8,1,160.434
49661,2019,8,2,157.22531999999998
49661,2019,8,3,155.62098
49661,2019,44,1,159.65
49661,2019,44,2,158.0535
49661,2019,44,3,159.65
84395,2019,13,1,130.82112
84395,2019,13,2,149.89920000000004
84395,2019,13,3,149.89920000000004
89272,2019,5,1,116.0448
89272,2019,5,2,119.6712
89272,2019,5,3,120.88
11050,2019,28,1,104.49408
11050,2019,28,2,108.848
11050,2019,28,3,108.848
49661,2019,37,1,157.3728
49661,2019,37,2,160.6176
49661,2019,37,3,178.46400000000003
89272,2019,23,1,146.7024
89272,2019,23,2,119.80696
89272,2019,23,3,117.36192
89272,2019,1,1,131.318
89272,2019,1,2,119.38
89272,2019,1,3,114.6048
54404,2019,40,1,83.64399999999999
54404,2019,40,2,83.64399999999999
54404,2019,40,3,83.64399999999999
80631,2019,40,1,86.51538000000001
80631,2019,40,2,88.281
80631,2019,40,3,97.10910000000001
11050,2019,1,1,103.3655
11050,2019,1,2,105.475
11050,2019,1,3,105.475
11050,2019,44,1,106.0307
11050,2019,44,2,120.24100000000001
11050,2019,44,3,104.9376
80631,2019,52,1,88.56672
80631,2019,52,2,92.257
80631,2019,52,3,89.48929
19632,2019,48,1,153.34536
19632,2019,48,2,189.70559999999998
19632,2019,48,3,153.34536
24125,2019,15,1,107.27863999999998
24125,2019,15,2,109.46799999999999
24125,2019,15,3,106.18395999999998
80631,2019,37,1,86.5628
80631,2019,37,2,88.3476
80631,2019,37,3,87.45519999999999
89272,2019,17,1,116.34047999999999
89272,2019,17,2,118.76423999999999
89272,2019,17,3,118.76423999999999
84395,2019,7,1,131.42592000000002
84395,2019,7,2,136.90200000000002
84395,2019,7,3,134.16396
11050,2019,33,1,120.3488
11050,2019,33,2,120.3488
11050,2019,33,3,109.40799999999999
80308,2019,51,1,143.4816
80308,2019,51,2,143.4816
80308,2019,51,3,117.17663999999999
49661,2019,18,1,158.796
49661,2019,18,2,157.20803999999998
49661,2019,18,3,152.44415999999998
11050,2019,36,1,133.1544
11050,2019,36,2,133.1544
11050,2019,36,3,106.52352
11050,2019,25,1,104.17152
11050,2019,25,2,108.512
11050,2019,25,3,119.3632
80308,2019,13,1,128.01360000000003
80308,2019,13,2,115.21224000000001
80308,2019,13,3,111.72096
54404,2019,36,1,78.8064
54404,2019,36,2,81.26910000000001
54404,2019,36,3,78.8064
24125,2019,15,1,109.46799999999999
24125,2019,15,2,131.36159999999998
24125,2019,15,3,120.4148
84395,2019,12,1,150.76160000000002
84395,2019,12,2,164.46720000000002
84395,2019,12,3,132.94432
80308,2019,31,1,142.8432
80308,2019,31,2,142.8432
80308,2019,31,3,115.46491999999999
54404,2019,40,1,92.0084
54404,2019,40,2,83.64399999999999
54404,2019,40,3,81.13467999999999
49661,2019,36,1,158.89229999999998
49661,2019,36,2,178.3485
49661,2019,36,3,162.135
80631,2019,34,1,99.12650000000001
80631,2019,34,2,99.12650000000001
80631,2019,34,3,88.31269999999999
80308,2019,47,1,118.19192
80308,2019,47,2,119.39796
80308,2019,47,3,120.604
89272,2019,43,1,123.554
89272,2019,43,2,135.9094
89272,2019,43,3,123.554
89272,2019,40,1,120.81835000000001
89272,2019,40,2,124.555
89272,2019,40,3,124.555
80631,2019,48,1,88.77503999999999
80631,2019,48,2,92.47399999999999
80631,2019,48,3,92.47399999999999
80631,2019,20,1,96.74720000000002
80631,2019,20,2,96.74720000000002
80631,2019,20,3,85.31344000000001
54404,2019,19,1,80.3742
54404,2019,19,2,82.86
54404,2019,19,3,91.146
54404,2019,40,1,80.29823999999999
54404,2019,40,2,81.97111999999998
54404,2019,40,3,92.0084
11050,2019,36,1,107.63314
11050,2019,36,2,110.962
11050,2019,36,3,107.63314
80631,2019,20,1,86.19296000000001
80631,2019,20,2,87.07248000000001
80631,2019,20,3,86.19296000000001
54404,2019,37,1,82.77600000000001
54404,2019,37,2,82.77600000000001
54404,2019,37,3,91.05360000000002
80308,2019,20,1,117.461
80308,2019,20,2,117.461
80308,2019,20,3,129.2071
84395,2019,9,1,162.552
84395,2019,9,2,132.7508
84395,2019,9,3,131.3962
19632,2019,38,1,158.83700000000002
19632,2019,38,2,158.83700000000002
19632,2019,38,3,152.48352
89272,2019,44,1,151.566
89272,2019,44,2,151.566
89272,2019,44,3,122.51585
80631,2019,26,1,103.1148
80631,2019,26,2,103.1148
80631,2019,26,3,82.49184
49661,2019,31,1,154.04352
49661,2019,31,2,192.55440000000002
49661,2019,31,3,155.64814
11050,2019,7,1,104.08876
11050,2019,7,2,107.30799999999999
11050,2019,7,3,107.30799999999999
11050,2019,24,1,105.65724999999999
11050,2019,24,2,106.7465
11050,2019,24,3,106.7465
80631,2019,35,1,85.19122
80631,2019,35,2,87.82600000000001
80631,2019,35,3,96.60860000000001
84395,2019,4,1,129.97439999999997
84395,2019,4,2,148.929
84395,2019,4,3,131.32829999999998
11050,2019,17,1,101.48352
11050,2019,17,2,126.8544
11050,2019,17,3,101.48352
80308,2019,45,1,117.4476
80308,2019,45,2,133.18800000000002
80308,2019,45,3,121.08
80631,2019,25,1,97.3632
80631,2019,25,2,97.3632
80631,2019,25,3,84.97152
49661,2019,15,1,155.37311999999997
49661,2019,15,2,155.37311999999997
49661,2019,15,3,152.20224
80631,2019,32,1,105.7608
80631,2019,32,2,87.25266
80631,2019,32,3,86.37132
80308,2019,36,1,133.4883
80308,2019,36,2,145.62359999999998
80308,2019,36,3,116.49887999999999
11050,2019,7,1,128.7696
11050,2019,7,2,128.7696
11050,2019,7,3,107.30799999999999
49661,2019,27,1,157.9662
49661,2019,27,2,193.428
49661,2019,27,3,156.3543
11050,2019,49,1,122.32000000000001
11050,2019,49,2,108.976
11050,2019,49,3,107.864
89272,2019,36,1,118.58496000000001
89272,2019,36,2,123.52600000000001
89272,2019,36,3,118.58496000000001
89272,2019,11,1,133.66100000000003
89272,2019,11,2,133.66100000000003
89272,2019,11,3,121.51
54404,2019,15,1,92.2394
54404,2019,15,2,83.01546
54404,2019,15,3,83.854
80308,2019,16,1,118.50399999999999
80308,2019,16,2,116.13391999999999
80308,2019,16,3,114.94887999999999
89272,2019,50,1,140.4986
89272,2019,50,2,127.726
89272,2019,50,3,125.17148
84395,2019,15,1,150.1148
84395,2019,15,2,163.7616
84395,2019,15,3,131.00928
80308,2019,42,1,117.18431999999999
80308,2019,42,2,134.2737
80308,2019,42,3,122.067
49661,2019,13,1,152.47104
49661,2019,13,2,157.23575999999997
49661,2019,13,3,154.05927999999997
89272,2019,44,1,138.93550000000002
89272,2019,44,2,138.93550000000002
89272,2019,44,3,126.305
80308,2019,42,1,134.2737
80308,2019,42,2,122.067
80308,2019,42,3,117.18431999999999
80631,2019,24,1,86.25725
80631,2019,24,2,88.925
80631,2019,24,3,85.368
54404,2019,33,1,80.29823999999999
54404,2019,33,2,82.80756
54404,2019,33,3,81.13467999999999
49661,2019,43,1,157.34564
49661,2019,43,2,194.6544
49661,2019,43,3,158.96776000000003
24125,2019,16,1,104.73312
24125,2019,16,2,108.00603000000001
24125,2019,16,3,109.09700000000001
11050,2019,18,1,105.57343999999999
11050,2019,18,2,107.728
11050,2019,18,3,105.57343999999999
49661,2019,47,1,160.69648
49661,2019,47,2,180.3736
49661,2019,47,3,157.41696
19632,2019,50,1,156.191
19632,2019,50,2,153.06718
19632,2019,50,3,149.94335999999998
11050,2019,50,1,123.2209
11050,2019,50,2,109.77861999999999
11050,2019,50,3,109.77861999999999
84395,2019,32,1,133.42641
84395,2019,32,2,137.553
84395,2019,32,3,134.80194
49661,2019,35,1,162.03
49661,2019,35,2,158.7894
49661,2019,35,3,158.7894
80308,2019,21,1,142.87679999999997
80308,2019,21,2,130.9704
80308,2019,21,3,119.064
11050,2019,30,1,119.3555
11050,2019,30,2,119.3555
11050,2019,30,3,119.3555
49661,2019,40,1,178.10980000000004
49661,2019,40,2,158.67964
49661,2019,40,3,155.44128
19632,2019,36,1,156.744
19632,2019,36,2,155.17656
19632,2019,36,3,152.04167999999999
60870,2019,7,1,113.58396
60870,2019,7,2,127.49220000000001
60870,2019,7,3,111.26592
80308,2019,3,1,113.96616
80308,2019,3,2,127.92120000000001
80308,2019,3,3,112.80324
49661,2019,32,1,175.33010000000002
49661,2019,32,2,175.33010000000002
49661,2019,32,3,159.391
80308,2019,28,1,141.8268
80308,2019,28,2,130.0079
80308,2019,28,3,115.82521999999999
54404,2019,48,1,102.84240000000001
54404,2019,48,2,83.98796000000002
54404,2019,48,3,85.70200000000001
60870,2019,5,1,109.53216
60870,2019,5,2,112.95504
60870,2019,5,3,110.67312
54404,2019,48,1,94.27220000000003
54404,2019,48,2,102.84240000000001
54404,2019,48,3,82.27392
24125,2019,17,1,112.044
24125,2019,17,2,123.2484
24125,2019,17,3,109.80311999999999
80308,2019,4,1,141.054
80308,2019,4,2,115.1941
80308,2019,4,3,129.29950000000002
49661,2019,46,1,161.25214
49661,2019,46,2,162.89757
49661,2019,46,3,159.60671
89272,2019,46,1,147.77759999999998
89272,2019,46,2,120.68504
89272,2019,46,3,119.45356
84395,2019,31,1,134.45170000000002
84395,2019,31,2,137.22390000000001
84395,2019,31,3,135.83780000000002
80631,2019,25,1,97.3632
80631,2019,25,2,106.2144
80631,2019,25,3,97.3632
54404,2019,5,1,90.068
54404,2019,5,2,81.0612
54404,2019,5,3,80.24239999999999
24125,2019,18,1,106.46914
24125,2019,18,2,107.56676
24125,2019,18,3,106.46914
11050,2019,3,1,100.35455999999999
11050,2019,3,2,103.49064
11050,2019,3,3,100.35455999999999
84395,2019,29,1,133.9856
84395,2019,29,2,150.39200000000002
84395,2019,29,3,133.9856
49661,2019,21,1,152.68608
49661,2019,21,2,157.45752
49661,2019,21,3,174.95280000000002
24125,2019,16,1,130.9164
24125,2019,16,2,108.00603000000001
24125,2019,16,3,106.91506000000001
84395,2019,18,1,131.7552
84395,2019,18,2,134.5001
84395,2019,18,3,131.7552
60870,2019,7,1,127.49220000000001
60870,2019,7,2,127.49220000000001
60870,2019,7,3,115.902
80308,2019,4,1,141.054
80308,2019,4,2,129.29950000000002
80308,2019,4,3,115.1941
84395,2019,6,1,135.985
84395,2019,6,2,135.985
84395,2019,6,3,131.90545
80631,2019,46,1,88.13807999999999
80631,2019,46,2,89.95535999999998
80631,2019,46,3,88.13807999999999
19632,2019,43,1,152.44292
19632,2019,43,2,155.554
19632,2019,43,3,152.44292
80308,2019,22,1,114.11370999999998
80308,2019,22,2,117.64299999999999
80308,2019,22,3,129.4073
89272,2019,49,1,119.136
89272,2019,49,2,124.1
89272,2019,49,3,136.51
80631,2019,1,1,94.02250000000001
80631,2019,1,2,83.76549999999999
80631,2019,1,3,83.76549999999999
19632,2019,42,1,152.69352
19632,2019,42,2,173.1576
19632,2019,42,3,152.69352
80631,2019,22,1,84.04370999999999
80631,2019,22,2,103.97159999999998
80631,2019,22,3,86.64299999999999
89272,2019,15,1,119.61652
89272,2019,15,2,122.08284
89272,2019,15,3,119.61652
84395,2019,35,1,138.428
84395,2019,35,2,138.428
84395,2019,35,3,135.65944
11050,2019,47,1,108.97756
11050,2019,47,2,112.348
11050,2019,47,3,108.97756
84395,2019,50,1,139.17862
84395,2019,50,2,139.17862
84395,2019,50,3,156.22090000000003
11050,2019,25,1,105.25664
11050,2019,25,2,130.21439999999998
11050,2019,25,3,105.25664
84395,2019,13,1,149.89920000000004
84395,2019,13,2,136.27200000000002
84395,2019,13,3,149.89920000000004
19632,2019,48,1,153.34536
19632,2019,48,2,158.088
19632,2019,48,3,151.76448
84395,2019,31,1,152.47100000000003
84395,2019,31,2,166.33200000000002
84395,2019,31,3,134.45170000000002
80631,2019,47,1,87.5813
80631,2019,47,2,90.29
80631,2019,47,3,88.4842
54404,2019,20,1,99.5496
54404,2019,20,2,81.29884
54404,2019,20,3,79.63968
80308,2019,49,1,116.64
80308,2019,49,2,120.285
80308,2019,49,3,117.85499999999999
80631,2019,52,1,89.48929
80631,2019,52,2,110.7084
80631,2019,52,3,90.41186
80308,2019,34,1,116.9434
80308,2019,34,2,131.263
80308,2019,34,3,115.75009999999999
80631,2019,48,1,89.69977999999999
80631,2019,48,2,91.54925999999999
80631,2019,48,3,89.69977999999999
80308,2019,21,1,114.30143999999999
80308,2019,21,2,116.68271999999999
80308,2019,21,3,130.9704
11050,2019,8,1,125.9472
11050,2019,8,2,102.85688
11050,2019,8,3,100.75776
80308,2019,10,1,128.6758
80308,2019,10,2,114.63843999999999
80308,2019,10,3,113.46865999999999
84395,2019,39,1,135.4262
84395,2019,39,2,138.19
84395,2019,39,3,132.6624
11050,2019,26,1,105.929
11050,2019,26,2,103.81042
11050,2019,26,3,102.75113
84395,2019,32,1,132.05088
84395,2019,32,2,136.17747
84395,2019,32,3,134.80194
89272,2019,29,1,120.932
89272,2019,29,2,135.74
89272,2019,29,3,135.74
49661,2019,15,1,153.78767999999997
49661,2019,15,2,156.95855999999998
49661,2019,15,3,153.78767999999997
54404,2019,8,1,81.782
54404,2019,8,2,80.96418
54404,2019,8,3,89.9602
49661,2019,43,1,157.34564
49661,2019,43,2,194.6544
49661,2019,43,3,158.96776000000003
80631,2019,25,1,106.2144
80631,2019,25,2,86.74176
80631,2019,25,3,85.85664
80631,2019,49,1,99.55000000000001
80631,2019,49,2,88.69
80631,2019,49,3,86.88
80308,2019,2,1,112.25856
80308,2019,2,2,116.936
80308,2019,2,3,112.25856
80308,2019,7,1,128.799
80308,2019,7,2,114.7482
80308,2019,7,3,128.799
80308,2019,7,1,112.4064
80308,2019,7,2,114.7482
80308,2019,7,3,114.7482
11050,2019,11,1,102.89372
11050,2019,11,2,103.95448
11050,2019,11,3,106.07600000000001
54404,2019,43,1,82.86292
54404,2019,43,2,93.00940000000001
54404,2019,43,3,81.17184
49661,2019,9,1,190.15200000000002
49661,2019,9,2,156.8754
49661,2019,9,3,153.7062
89272,2019,51,1,121.24612
89272,2019,51,2,124.99600000000001
89272,2019,51,3,122.49608
80631,2019,42,1,88.96645999999998
80631,2019,42,2,91.71799999999999
80631,2019,42,3,100.8898
54404,2019,49,1,82.368
54404,2019,49,2,94.38000000000001
54404,2019,49,3,84.08399999999999
49661,2019,41,1,158.40488
49661,2019,41,2,161.67096
49661,2019,41,3,179.63440000000003
89272,2019,39,1,120.10539999999999
89272,2019,39,2,148.58399999999997
89272,2019,39,3,118.86719999999998
89272,2019,12,1,133.7765
89272,2019,12,2,121.615
89272,2019,12,3,121.615
49661,2019,52,1,160.99865999999997
49661,2019,52,2,199.17359999999996
49661,2019,52,3,165.97799999999998
84395,2019,38,1,167.214
84395,2019,38,2,153.2795
84395,2019,38,3,136.5581
11050,2019,35,1,103.51296
11050,2019,35,2,106.74774000000001
11050,2019,35,3,105.66948000000001
89272,2019,2,1,116.09856
89272,2019,2,2,118.51728
89272,2019,2,3,118.51728
84395,2019,37,1,139.24
84395,2019,37,2,167.088
84395,2019,37,3,139.24
89272,2019,30,1,121.0349
89272,2019,30,2,122.26995
89272,2019,30,3,123.505
80631,2019,23,1,104.70240000000001
80631,2019,23,2,85.50696
80631,2019,23,3,95.97720000000002
89272,2019,28,1,116.77056
89272,2019,28,2,133.79960000000003
89272,2019,28,3,121.63600000000001
80308,2019,45,1,117.4476
80308,2019,45,2,133.18800000000002
80308,2019,45,3,121.08
80308,2019,43,1,119.09743999999999
80308,2019,43,2,145.8336
80308,2019,43,3,121.52799999999999
19632,2019,37,1,188.22719999999998
19632,2019,37,2,172.54160000000002
19632,2019,37,3,156.856
11050,2019,33,1,109.40799999999999
11050,2019,33,2,107.21983999999999
11050,2019,33,3,105.03167999999998
80631,2019,36,1,98.04850000000002
80631,2019,36,2,98.04850000000002
80631,2019,36,3,86.46095
49661,2019,23,1,160.77
49661,2019,23,2,157.5546
49661,2019,23,3,176.84700000000004
80308,2019,50,1,118.48003999999999
80308,2019,50,2,145.0776
80308,2019,50,3,120.898
84395,2019,31,1,166.33200000000002
84395,2019,31,2,152.47100000000003
84395,2019,31,3,133.06560000000002
60870,2019,11,1,113.1998
60870,2019,11,2,127.06100000000002
60870,2019,11,3,127.06100000000002
54404,2019,4,1,80.8941
54404,2019,4,2,80.8941
54404,2019,4,3,80.8941
80308,2019,48,1,116.92968
80308,2019,48,2,131.2476
80308,2019,48,3,116.92968
89272,2019,27,1,136.10960000000003
89272,2019,27,2,123.736
89272,2019,27,3,121.26128
80631,2019,50,1,86.71431999999999
80631,2019,50,2,97.3324
80631,2019,50,3,97.3324
49661,2019,25,1,155.63455999999996
49661,2019,25,2,157.23904
49661,2019,25,3,176.4928
11050,2019,10,1,127.1736
11050,2019,10,2,105.978
11050,2019,10,3,101.73888
19632,2019,51,1,153.45792
19632,2019,51,2,191.8224
19632,2019,51,3,153.45792
54404,2019,27,1,83.04128
54404,2019,27,2,101.6832
54404,2019,27,3,82.19392
49661,2019,39,1,159.201
49661,2019,39,2,159.201
49661,2019,39,3,162.45
19632,2019,52,1,186.78240000000002
19632,2019,52,2,171.21720000000002
19632,2019,52,3,171.21720000000002
11050,2019,39,1,110.71
11050,2019,39,2,110.71
11050,2019,39,3,107.38869999999999
84395,2019,10,1,163.686
84395,2019,10,2,135.04095
84395,2019,10,3,132.31285
19632,2019,44,1,171.941
19632,2019,44,2,156.31
19632,2019,44,3,171.941
49661,2019,35,1,194.436
49661,2019,35,2,162.03
49661,2019,35,3,158.7894
54404,2019,42,1,86.416
54404,2019,42,2,86.416
54404,2019,42,3,83.82351999999999
60870,2019,4,1,114.775
60870,2019,4,2,114.775
60870,2019,4,3,114.775
49661,2019,25,1,160.44799999999998
49661,2019,25,2,157.23904
49661,2019,25,3,157.23904
49661,2019,27,1,157.9662
49661,2019,27,2,161.19
49661,2019,27,3,156.3543
84395,2019,42,1,151.59320000000002
84395,2019,42,2,137.812
84395,2019,42,3,137.812
80308,2019,13,1,114.04848
80308,2019,13,2,128.01360000000003
80308,2019,13,3,128.01360000000003
54404,2019,37,1,91.05360000000002
54404,2019,37,2,81.12048000000001
54404,2019,37,3,82.77600000000001
54404,2019,31,1,101.532
54404,2019,31,2,84.61
54404,2019,31,3,82.07169999999999
19632,2019,35,1,154.826
19632,2019,35,2,151.72948
19632,2019,35,3,150.18122
54404,2019,18,1,99.894
54404,2019,18,2,99.894
54404,2019,18,3,81.5801
84395,2019,22,1,134.9117
84395,2019,22,2,151.4315
84395,2019,22,3,132.1584
84395,2019,13,1,132.18384
84395,2019,13,2,149.89920000000004
84395,2019,13,3,130.82112
54404,2019,46,1,82.08576
54404,2019,46,2,94.0566
54404,2019,46,3,82.08576
60870,2019,12,1,138.2088
60870,2019,12,2,112.87051999999998
60870,2019,12,3,112.87051999999998
11050,2019,50,1,123.2209
11050,2019,50,2,123.2209
11050,2019,50,3,107.53823999999999
11050,2019,16,1,127.8792
11050,2019,16,2,104.43468
11050,2019,16,3,103.36902
49661,2019,34,1,160.735
49661,2019,34,2,176.80850000000004
49661,2019,34,3,157.52030000000002
11050,2019,34,1,109.52
11050,2019,34,2,108.42479999999999
11050,2019,34,3,106.2344
24125,2019,18,1,106.46914
24125,2019,18,2,109.762
24125,2019,18,3,105.37151999999999
19632,2019,39,1,189.252
19632,2019,39,2,156.1329
19632,2019,39,3,173.48100000000002
89272,2019,5,1,132.96800000000002
89272,2019,5,2,120.88
89272,2019,5,3,116.0448
19632,2019,52,1,149.42592000000002
19632,2019,52,2,155.65200000000002
19632,2019,52,3,150.98244
84395,2019,4,1,162.468
84395,2019,4,2,162.468
84395,2019,4,3,132.6822
49661,2019,43,1,155.72352
49661,2019,43,2,158.96776000000003
49661,2019,43,3,155.72352
84395,2019,20,1,137.952
84395,2019,20,2,135.19296
84395,2019,20,3,137.952
89272,2019,17,1,118.76423999999999
89272,2019,17,2,119.97611999999998
89272,2019,17,3,121.18799999999999
54404,2019,44,1,82.3004
54404,2019,44,2,92.37800000000001
54404,2019,44,3,83.98
11050,2019,23,1,106.734
11050,2019,23,2,105.66666
11050,2019,23,3,106.734
89272,2019,21,1,122.56
89272,2019,21,2,120.1088
89272,2019,21,3,118.8832
89272,2019,40,1,119.5728
89272,2019,40,2,124.555
89272,2019,40,3,120.81835000000001
24125,2019,10,1,105.96152
24125,2019,10,2,108.124
24125,2019,10,3,103.79903999999999
80631,2019,42,1,88.04927999999998
80631,2019,42,2,100.8898
80631,2019,42,3,88.96645999999998
84395,2019,29,1,150.39200000000002
84395,2019,29,2,150.39200000000002
84395,2019,29,3,132.6184
80308,2019,50,1,117.27105999999999
80308,2019,50,2,132.9878
80308,2019,50,3,120.898
11050,2019,1,1,103.3655
11050,2019,1,2,103.3655
11050,2019,1,3,116.02250000000001
80308,2019,41,1,118.91424
80308,2019,41,2,120.14016000000001
80308,2019,41,3,134.85120000000003
89272,2019,9,1,116.8462
89272,2019,9,2,144.552
89272,2019,9,3,116.8462
54404,2019,50,1,84.18003999999999
54404,2019,50,2,85.898
54404,2019,50,3,85.898
49661,2019,26,1,159.468
49661,2019,26,2,191.36159999999998
49661,2019,26,3,156.27864
80308,2019,3,1,113.96616
80308,2019,3,2,113.96616
80308,2019,3,3,116.292
84395,2019,23,1,133.13444
84395,2019,23,2,134.50696000000002
84395,2019,23,3,133.13444
11050,2019,2,1,105.565
11050,2019,2,2,126.678
11050,2019,2,3,116.12150000000001
11050,2019,29,1,107.28
11050,2019,29,2,107.28
11050,2019,29,3,118.00800000000001
84395,2019,44,1,137.315
84395,2019,44,2,137.315
84395,2019,44,3,131.8224
89272,2019,39,1,121.3436
89272,2019,39,2,136.202
89272,2019,39,3,118.86719999999998
89272,2019,52,1,120.09024
89272,2019,52,2,150.1128
89272,2019,52,3,120.09024
89272,2019,32,1,124.87700000000001
89272,2019,32,2,149.85240000000002
89272,2019,32,3,124.87700000000001
60870,2019,3,1,124.88960000000002
60870,2019,3,2,111.26528
60870,2019,3,3,113.536
80631,2019,29,1,86.72
80631,2019,29,2,86.72
80631,2019,29,3,83.2512
89272,2019,30,1,119.79984999999999
89272,2019,30,2,121.0349
89272,2019,30,3,119.79984999999999
54404,2019,25,1,83.34312
54404,2019,25,2,102.05279999999999
54404,2019,25,3,83.34312
49661,2019,35,1,155.5488
49661,2019,35,2,162.03
49661,2019,35,3,155.5488
49661,2019,9,1,174.306
49661,2019,9,2,190.15200000000002
49661,2019,9,3,152.1216
80308,2019,36,1,116.49887999999999
80308,2019,36,2,121.353
80308,2019,36,3,121.353
54404,2019,5,1,80.24239999999999
54404,2019,5,2,81.0612
54404,2019,5,3,81.88
11050,2019,21,1,119.4248
11050,2019,21,2,106.39663999999999
11050,2019,21,3,105.31096
11050,2019,43,1,105.93564
11050,2019,43,2,108.11988000000001
11050,2019,43,3,109.212
11050,2019,32,1,104.3664
11050,2019,32,2,130.458
11050,2019,32,3,106.5407
80308,2019,46,1,120.18397
80308,2019,46,2,121.42298000000001
80308,2019,46,3,120.18397
80308,2019,28,1,115.82521999999999
80308,2019,28,2,130.0079
80308,2019,28,3,118.189
80631,2019,21,1,106.2816
80631,2019,21,2,86.79664
80631,2019,21,3,85.02528
49661,2019,17,1,191.02559999999997
49661,2019,17,2,159.188
49661,2019,17,3,152.82047999999998
80631,2019,46,1,89.04672
80631,2019,46,2,99.9504
80631,2019,46,3,90.86399999999999
49661,2019,46,1,159.60671
49661,2019,46,2,162.89757
49661,2019,46,3,159.60671
54404,2019,46,1,94.0566
54404,2019,46,2,84.65094
54404,2019,46,3,94.0566
80308,2019,13,1,128.01360000000003
80308,2019,13,2,115.21224000000001
80308,2019,13,3,116.376
84395,2019,52,1,136.59055
84395,2019,52,2,168.97799999999998
84395,2019,52,3,140.815
89272,2019,27,1,148.4832
89272,2019,27,2,148.4832
89272,2019,27,3,118.78656
24125,2019,18,1,106.46914
24125,2019,18,2,131.71439999999998
24125,2019,18,3,106.46914
49661,2019,49,1,163.5
49661,2019,49,2,161.865
49661,2019,49,3,163.5
80631,2019,37,1,85.67039999999999
80631,2019,37,2,107.088
80631,2019,37,3,98.164
84395,2019,24,1,133.73875
84395,2019,24,2,135.1175
84395,2019,24,3,137.875
54404,2019,34,1,84.39269999999999
54404,2019,34,2,84.39269999999999
54404,2019,34,3,82.67039999999999
49661,2019,41,1,179.63440000000003
49661,2019,41,2,160.03791999999999
49661,2019,41,3,163.304
80308,2019,33,1,130.5084
80308,2019,33,2,116.27112
80308,2019,33,3,113.89823999999999
19632,2019,35,1,185.79119999999998
19632,2019,35,2,185.79119999999998
19632,2019,35,3,148.63296
54404,2019,26,1,93.0864
54404,2019,26,2,101.54879999999999
54404,2019,26,3,84.624
80308,2019,28,1,130.0079
80308,2019,28,2,130.0079
80308,2019,28,3,118.189
60870,2019,4,1,114.775
60870,2019,4,2,126.25250000000001
60870,2019,4,3,110.184
49661,2019,26,1,153.08927999999997
49661,2019,26,2,191.36159999999998
49661,2019,26,3,175.4148
11050,2019,4,1,101.91359999999999
11050,2019,4,2,105.0984
11050,2019,4,3,104.0368
54404,2019,30,1,102.0864
54404,2019,30,2,83.37056
54404,2019,30,3,83.37056
80631,2019,26,1,83.35113
80631,2019,26,2,103.1148
80631,2019,26,3,85.929
49661,2019,27,1,154.7424
49661,2019,27,2,177.30900000000003
49661,2019,27,3,154.7424
24125,2019,17,1,112.044
24125,2019,17,2,109.80311999999999
24125,2019,17,3,107.56223999999999
19632,2019,47,1,172.2644
19632,2019,47,2,155.03795999999997
19632,2019,47,3,153.47191999999998
80308,2019,35,1,118.21936000000001
80308,2019,35,2,132.69520000000003
80308,2019,35,3,132.69520000000003
49661,2019,36,1,162.135
49661,2019,36,2,178.3485
49661,2019,36,3,158.89229999999998
60870,2019,10,1,111.94284999999999
60870,2019,10,2,114.25095
60870,2019,10,3,113.0969
80308,2019,38,1,117.33895999999999
80308,2019,38,2,133.0648
80308,2019,38,3,120.96799999999999
54404,2019,1,1,98.646
54404,2019,1,2,80.5609
54404,2019,1,3,79.73885
80308,2019,24,1,115.98299999999999
80308,2019,24,2,142.01999999999998
80308,2019,24,3,114.7995
80308,2019,5,1,140.256
80308,2019,5,2,115.71119999999999
80308,2019,5,3,114.54239999999999
89272,2019,26,1,136.57930000000002
89272,2019,26,2,124.163
89272,2019,26,3,136.57930000000002
54404,2019,12,1,79.70877999999999
54404,2019,12,2,82.17399999999999
54404,2019,12,3,82.17399999999999
89272,2019,8,1,119.54299999999999
89272,2019,8,2,119.54299999999999
89272,2019,8,3,115.95670999999999
80308,2019,33,1,113.89823999999999
80308,2019,33,2,130.5084
80308,2019,33,3,116.27112
80308,2019,25,1,130.2928
80308,2019,25,2,116.07903999999999
80308,2019,25,3,113.71007999999999
19632,2019,50,1,153.06718
19632,2019,50,2,171.8101
19632,2019,50,3,149.94335999999998
84395,2019,51,1,137.18128000000002
84395,2019,51,2,155.56640000000002
84395,2019,51,3,135.76704
49661,2019,44,1,154.8605
49661,2019,44,2,158.0535
49661,2019,44,3,175.615
54404,2019,6,1,98.38199999999999
54404,2019,6,2,90.18350000000001
54404,2019,6,3,80.3453
49661,2019,25,1,192.53759999999997
49661,2019,25,2,157.23904
49661,2019,25,3,160.44799999999998
80308,2019,26,1,144.19559999999998
80308,2019,26,2,132.1793
80308,2019,26,3,115.35647999999999
84395,2019,32,1,151.3083
84395,2019,32,2,151.3083
84395,2019,32,3,134.80194
89272,2019,5,1,118.46239999999999
89272,2019,5,2,119.6712
89272,2019,5,3,117.25359999999999
80308,2019,23,1,117.40988
80308,2019,23,2,143.7672
80308,2019,23,3,119.806
80308,2019,20,1,113.93717
80308,2019,20,2,116.28639
80308,2019,20,3,115.11178
89272,2019,35,1,135.10860000000002
89272,2019,35,2,147.3912
89272,2019,35,3,122.82600000000001
80308,2019,45,1,133.18800000000002
80308,2019,45,2,118.6584
80308,2019,45,3,116.23679999999999
49661,2019,28,1,161.295
49661,2019,28,2,193.55399999999997
49661,2019,28,3,177.4245
80631,2019,30,1,106.20599999999999
80631,2019,30,2,97.3555
80631,2019,30,3,88.505
80308,2019,14,1,114.4224
80308,2019,14,2,131.109
80308,2019,14,3,119.19
84395,2019,1,1,161.256
84395,2019,1,2,134.38
84395,2019,1,3,130.3486
89272,2019,1,1,116.99239999999999
89272,2019,1,2,131.318
89272,2019,1,3,119.38
84395,2019,15,1,163.7616
84395,2019,15,2,136.468
84395,2019,15,3,133.73863999999998
54404,2019,34,1,82.67039999999999
54404,2019,34,2,84.39269999999999
54404,2019,34,3,86.115
89272,2019,20,1,119.26344
89272,2019,20,2,121.72248
89272,2019,20,3,122.95200000000001
84395,2019,5,1,135.488
84395,2019,5,2,149.0368
84395,2019,5,3,149.0368
54404,2019,9,1,79.4112
54404,2019,9,2,81.8928
54404,2019,9,3,90.992
49661,2019,42,1,157.25058
49661,2019,42,2,194.5368
49661,2019,42,3,158.87172
24125,2019,14,1,104.12159999999999
24125,2019,14,2,106.29079999999999
24125,2019,14,3,119.306
84395,2019,3,1,164.16479999999999
84395,2019,3,2,135.43596
84395,2019,3,3,131.33184
54404,2019,2,1,78.65856000000001
54404,2019,2,2,81.936
54404,2019,2,3,80.29728
54404,2019,36,1,80.4482
54404,2019,36,2,90.299
54404,2019,36,3,82.09
11050,2019,9,1,103.35079999999999
11050,2019,9,2,126.55199999999999
11050,2019,9,3,101.24159999999999
89272,2019,15,1,147.9792
89272,2019,15,2,147.9792
89272,2019,15,3,135.6476
49661,2019,18,1,154.03212
49661,2019,18,2,174.6756
49661,2019,18,3,154.03212
80308,2019,16,1,113.76383999999999
80308,2019,16,2,118.50399999999999
80308,2019,16,3,114.94887999999999
49661,2019,46,1,180.99730000000002
49661,2019,46,2,180.99730000000002
49661,2019,46,3,159.60671
49661,2019,38,1,192.5712
49661,2019,38,2,160.476
49661,2019,38,3,155.66172
11050,2019,44,1,109.31
11050,2019,44,2,120.24100000000001
11050,2019,44,3,107.1238
11050,2019,19,1,104.72279999999999
11050,2019,19,2,104.72279999999999
11050,2019,19,3,103.6542
84395,2019,33,1,164.46720000000002
84395,2019,33,2,150.76160000000002
84395,2019,33,3,137.056
49661,2019,22,1,190.9584
49661,2019,22,2,155.94936
49661,2019,22,3,154.35804
54404,2019,30,1,81.66912
54404,2019,30,2,93.57920000000001
54404,2019,30,3,85.072
54404,2019,47,1,83.21963999999998
54404,2019,47,2,84.91799999999999
54404,2019,47,3,83.21963999999998
11050,2019,32,1,108.715
11050,2019,32,2,106.5407
11050,2019,32,3,108.715
54404,2019,9,1,90.992
54404,2019,9,2,81.8928
54404,2019,9,3,79.4112
80631,2019,49,1,108.6
80631,2019,49,2,89.595
80631,2019,49,3,86.88
84395,2019,18,1,164.694
84395,2019,18,2,150.9695
84395,2019,18,3,137.245
54404,2019,2,1,81.936
54404,2019,2,2,80.29728
54404,2019,2,3,80.29728
89272,2019,46,1,123.148
89272,2019,46,2,120.68504
89272,2019,46,3,120.68504
80308,2019,8,1,114.44636000000001
80308,2019,8,2,114.44636000000001
80308,2019,8,3,112.11072
49661,2019,15,1,155.37311999999997
49661,2019,15,2,156.95855999999998
49661,2019,15,3,155.37311999999997
54404,2019,27,1,82.19392
54404,2019,27,2,84.736
54404,2019,27,3,93.20960000000001
80631,2019,45,1,85.18656
80631,2019,45,2,106.4832
80631,2019,45,3,97.60960000000001
89272,2019,2,1,120.936
89272,2019,2,2,119.72664
89272,2019,2,3,116.09856
84395,2019,11,1,136.076
84395,2019,11,2,163.29119999999998
84395,2019,11,3,130.63296
11050,2019,21,1,106.39663999999999
11050,2019,21,2,119.4248
11050,2019,21,3,106.39663999999999
54404,2019,15,1,81.33838
54404,2019,15,2,92.2394
54404,2019,15,3,80.49983999999999
49661,2019,52,1,162.65843999999998
49661,2019,52,2,199.17359999999996
49661,2019,52,3,182.5758
11050,2019,22,1,104.51013999999998
11050,2019,22,2,105.57656999999999
11050,2019,22,3,103.44370999999998
80308,2019,6,1,141.3396
80308,2019,6,2,141.3396
80308,2019,6,3,129.5613
54404,2019,22,1,80.80896
54404,2019,22,2,84.176
54404,2019,22,3,81.65071999999999
80631,2019,31,1,105.6432
80631,2019,31,2,86.27528
80631,2019,31,3,84.51456
89272,2019,37,1,149.088
89272,2019,37,2,122.99759999999999
89272,2019,37,3,124.24
49661,2019,33,1,162.996
49661,2019,33,2,162.996
49661,2019,33,3,158.10612
89272,2019,26,1,121.67974
89272,2019,26,2,124.163
89272,2019,26,3,119.19648
60870,2019,10,1,111.94284999999999
60870,2019,10,2,113.0969
60870,2019,10,3,115.405
84395,2019,38,1,153.2795
84395,2019,38,2,139.345
84395,2019,38,3,153.2795
89272,2019,33,1,118.30272000000001
89272,2019,33,2,120.76736000000001
89272,2019,33,3,120.76736000000001
80308,2019,46,1,123.90100000000001
80308,2019,46,2,122.66199
80308,2019,46,3,118.94496000000001
80631,2019,23,1,87.25200000000001
80631,2019,23,2,85.50696
80631,2019,23,3,95.97720000000002
24125,2019,13,1,108.376
24125,2019,13,2,106.20848000000001
24125,2019,13,3,119.21360000000001
11050,2019,45,1,105.47392
11050,2019,45,2,107.64864
11050,2019,45,3,106.56128
49661,2019,40,1,155.44128
49661,2019,40,2,178.10980000000004
49661,2019,40,3,157.06046
89272,2019,43,1,118.61184
89272,2019,43,2,121.08292
89272,2019,43,3,121.08292
80308,2019,41,1,117.68832
80308,2019,41,2,134.85120000000003
80308,2019,41,3,120.14016000000001
24125,2019,16,1,109.09700000000001
24125,2019,16,2,109.09700000000001
24125,2019,16,3,120.00670000000002
11050,2019,29,1,102.9888
11050,2019,29,2,128.736
11050,2019,29,3,105.1344
54404,2019,29,1,82.712
54404,2019,29,2,92.84000000000002
54404,2019,29,3,82.712
84395,2019,2,1,162.678
84395,2019,2,2,149.1215
84395,2019,2,3,130.14239999999998
11050,2019,41,1,132.3648
11050,2019,41,2,132.3648
11050,2019,41,3,105.89184
60870,2019,2,1,108.91392
60870,2019,2,2,124.79720000000002
60870,2019,2,3,124.79720000000002
89272,2019,16,1,133.7226
89272,2019,16,2,119.13468
89272,2019,16,3,116.70336
80631,2019,42,1,110.06159999999998
80631,2019,42,2,90.80081999999999
80631,2019,42,3,100.8898
84395,2019,44,1,131.8224
84395,2019,44,2,134.5687
84395,2019,44,3,133.19555
89272,2019,29,1,123.4
89272,2019,29,2,120.932
89272,2019,29,3,123.4
49661,2019,35,1,158.7894
49661,2019,35,2,158.7894
49661,2019,35,3,158.7894
54404,2019,25,1,93.5484
54404,2019,25,2,83.34312
54404,2019,25,3,85.044
54404,2019,19,1,79.5456
54404,2019,19,2,99.432
54404,2019,19,3,82.86
80631,2019,44,1,89.31
80631,2019,44,2,98.24100000000001
80631,2019,44,3,86.6307
54404,2019,11,1,82.944
54404,2019,11,2,81.28512
54404,2019,11,3,91.23840000000001
11050,2019,30,1,106.33489999999999
11050,2019,30,2,106.33489999999999
11050,2019,30,3,105.24985
80308,2019,13,1,139.6512
80308,2019,13,2,116.376
80308,2019,13,3,112.88472
11050,2019,24,1,108.925
11050,2019,24,2,130.70999999999998
11050,2019,24,3,104.568
11050,2019,22,1,117.3073
11050,2019,22,2,106.64299999999999
11050,2019,22,3,104.51013999999998
49661,2019,52,1,159.33888
49661,2019,52,2,162.65843999999998
49661,2019,52,3,182.5758
11050,2019,18,1,129.2736
11050,2019,18,2,105.57343999999999
11050,2019,18,3,104.49615999999999
49661,2019,5,1,152.90112000000002
49661,2019,5,2,157.67928
49661,2019,5,3,156.08656000000002
89272,2019,3,1,115.48031999999999
89272,2019,3,2,132.3212
89272,2019,3,3,115.48031999999999
80308,2019,24,1,115.98299999999999
80308,2019,24,2,115.98299999999999
80308,2019,24,3,115.98299999999999
54404,2019,48,1,85.70200000000001
54404,2019,48,2,102.84240000000001
54404,2019,48,3,83.13094000000001
89272,2019,8,1,131.4973
89272,2019,8,2,117.15213999999999
89272,2019,8,3,115.95670999999999
49661,2019,12,1,192.59640000000002
49661,2019,12,2,176.54670000000004
49661,2019,12,3,160.497
89272,2019,36,1,148.2312
89272,2019,36,2,148.2312
89272,2019,36,3,119.82022
80631,2019,47,1,108.348
80631,2019,47,2,88.4842
80631,2019,47,3,90.29
54404,2019,22,1,82.49248
54404,2019,22,2,83.33424
54404,2019,22,3,82.49248
60870,2019,3,1,124.88960000000002
60870,2019,3,2,113.536
60870,2019,3,3,124.88960000000002
11050,2019,34,1,106.2344
11050,2019,34,2,131.42399999999998
11050,2019,34,3,105.13919999999999
24125,2019,19,1,109.37
24125,2019,19,2,131.244
24125,2019,19,3,104.9952
19632,2019,34,1,150.67010000000002
19632,2019,34,2,170.86300000000003
19632,2019,34,3,170.86300000000003
49661,2019,38,1,192.5712
49661,2019,38,2,157.26648
49661,2019,38,3,154.05696
49661,2019,22,1,154.35804
49661,2019,22,2,175.04520000000002
49661,2019,22,3,175.04520000000002
84395,2019,21,1,132.54144
84395,2019,21,2,136.68336
84395,2019,21,3,133.92208
54404,2019,19,1,99.432
54404,2019,19,2,91.146
54404,2019,19,3,80.3742
24125,2019,14,1,106.29079999999999
24125,2019,14,2,107.3754
24125,2019,14,3,119.306
11050,2019,26,1,116.52190000000002
11050,2019,26,2,116.52190000000002
11050,2019,26,3,101.69184
80308,2019,47,1,116.98588
80308,2019,47,2,132.6644
80308,2019,47,3,116.98588
89272,2019,4,1,117.2276
89272,2019,4,2,143.544
89272,2019,4,3,117.2276
80308,2019,30,1,118.37100000000001
80308,2019,30,2,117.18729
80308,2019,30,3,130.20810000000003
11050,2019,14,1,126.55199999999999
11050,2019,14,2,126.55199999999999
11050,2019,14,3,101.24159999999999
89272,2019,37,1,119.2704
89272,2019,37,2,121.75519999999999
89272,2019,37,3,121.75519999999999
11050,2019,8,1,101.80732
11050,2019,8,2,104.956
11050,2019,8,3,115.45160000000001
60870,2019,1,1,111.8278
60870,2019,1,2,125.52100000000002
60870,2019,1,3,110.6867
80308,2019,8,1,114.44636000000001
80308,2019,8,2,114.44636000000001
80308,2019,8,3,112.11072
80308,2019,17,1,128.9068
80308,2019,17,2,117.18799999999999
80308,2019,17,3,128.9068
89272,2019,35,1,119.14122
89272,2019,35,2,122.82600000000001
89272,2019,35,3,120.36948000000001
19632,2019,44,1,156.31
19632,2019,44,2,154.7469
19632,2019,44,3,153.1838
89272,2019,6,1,116.1456
89272,2019,6,2,118.5653
89272,2019,6,3,133.08350000000002
11050,2019,48,1,112.47399999999999
11050,2019,48,2,134.9688
11050,2019,48,3,112.47399999999999
11050,2019,20,1,102.67967999999999
11050,2019,20,2,105.88842
11050,2019,20,3,102.67967999999999
84395,2019,47,1,135.33696
84395,2019,47,2,169.1712
84395,2019,47,3,138.15648
19632,2019,44,1,151.6207
19632,2019,44,2,153.1838
19632,2019,44,3,151.6207
11050,2019,23,1,102.46463999999999
11050,2019,23,2,117.40740000000001
11050,2019,23,3,106.734
89272,2019,45,1,120.72192000000001
89272,2019,45,2,124.49448000000001
89272,2019,45,3,138.32720000000003
89272,2019,36,1,121.05548
89272,2019,36,2,122.29074000000001
89272,2019,36,3,135.87860000000003
19632,2019,50,1,149.94335999999998
19632,2019,50,2,154.62909
19632,2019,50,3,171.8101
89272,2019,16,1,117.91902
89272,2019,16,2,121.566
89272,2019,16,3,121.566
11050,2019,39,1,107.38869999999999
11050,2019,39,2,108.49579999999999
11050,2019,39,3,108.49579999999999
84395,2019,52,1,154.8965
84395,2019,52,2,154.8965
84395,2019,52,3,140.815
11050,2019,40,1,106.26835
11050,2019,40,2,108.45945
11050,2019,40,3,105.17280000000001
11050,2019,52,1,106.79118
11050,2019,52,2,121.10340000000001
11050,2019,52,3,110.094
89272,2019,16,1,145.8792
89272,2019,16,2,145.8792
89272,2019,16,3,133.7226
80308,2019,34,1,114.5568
80308,2019,34,2,118.13669999999999
80308,2019,34,3,116.9434
54404,2019,34,1,82.67039999999999
54404,2019,34,2,84.39269999999999
54404,2019,34,3,83.53155
84395,2019,48,1,141.088
84395,2019,48,2,139.67712
84395,2019,48,3,138.26623999999998
80631,2019,38,1,88.72200000000001
80631,2019,38,2,88.72200000000001
80631,2019,38,3,97.59420000000001
84395,2019,43,1,169.4232
84395,2019,43,2,169.4232
84395,2019,43,3,136.95042
60870,2019,9,1,111.7592
60870,2019,9,2,125.44400000000002
60870,2019,9,3,125.44400000000002
84395,2019,9,1,162.552
84395,2019,9,2,149.00600000000003
84395,2019,9,3,132.7508
19632,2019,48,1,153.34536
19632,2019,48,2,189.70559999999998
19632,2019,48,3,153.34536
84395,2019,24,1,132.35999999999999
84395,2019,24,2,151.66250000000002
84395,2019,24,3,132.35999999999999
89272,2019,4,1,131.58200000000002
89272,2019,4,2,119.62
89272,2019,4,3,114.8352
80308,2019,35,1,132.69520000000003
80308,2019,35,2,144.7584
80308,2019,35,3,118.21936000000001
80631,2019,41,1,88.21955999999999
80631,2019,41,2,90.03851999999999
80631,2019,41,3,88.21955999999999
49661,2019,14,1,152.1216
49661,2019,14,2,155.29080000000002
49661,2019,14,3,174.306
84395,2019,11,1,133.35448
84395,2019,11,2,133.35448
84395,2019,11,3,136.076
84395,2019,12,1,132.94432
84395,2019,12,2,135.68544
84395,2019,12,3,137.056
80631,2019,46,1,109.03679999999999
80631,2019,46,2,90.86399999999999
80631,2019,46,3,88.13807999999999
54404,2019,13,1,80.67295999999999
54404,2019,13,2,91.48479999999999
54404,2019,13,3,81.50464
80308,2019,8,1,112.11072
80308,2019,8,2,140.13840000000002
80308,2019,8,3,114.44636000000001
80308,2019,16,1,116.13391999999999
80308,2019,16,2,116.13391999999999
80308,2019,16,3,114.94887999999999
60870,2019,13,1,114.72272
60870,2019,13,2,115.89335999999999
60870,2019,13,3,114.72272
49661,2019,31,1,154.04352
49661,2019,31,2,160.46200000000002
49661,2019,31,3,176.50820000000004
84395,2019,51,1,155.56640000000002
84395,2019,51,2,169.7088
84395,2019,51,3,138.59552
84395,2019,38,1,133.7712
84395,2019,38,2,136.5581
84395,2019,38,3,153.2795
54404,2019,43,1,93.00940000000001
54404,2019,43,2,93.00940000000001
54404,2019,43,3,81.17184
60870,2019,6,1,137.982
60870,2019,6,2,113.83515
60870,2019,6,3,112.6853
84395,2019,4,1,131.32829999999998
84395,2019,4,2,148.929
84395,2019,4,3,129.97439999999997
89272,2019,7,1,115.48819999999999
89272,2019,7,2,116.6788
89272,2019,7,3,119.06
60870,2019,12,1,126.6914
60870,2019,12,2,126.6914
60870,2019,12,3,112.87051999999998
49661,2019,26,1,153.08927999999997
49661,2019,26,2,156.27864
49661,2019,26,3,153.08927999999997
11050,2019,13,1,127.5264
11050,2019,13,2,116.89920000000002
11050,2019,13,3,103.08384000000001
60870,2019,9,1,109.47840000000001
60870,2019,9,2,111.7592
60870,2019,9,3,109.47840000000001
54404,2019,40,1,81.13467999999999
54404,2019,40,2,92.0084
54404,2019,40,3,92.0084
84395,2019,44,1,131.8224
84395,2019,44,2,135.94185
84395,2019,44,3,151.0465
54404,2019,17,1,100.33919999999999
54404,2019,17,2,83.616
54404,2019,17,3,80.27136
80631,2019,34,1,87.41154999999999
80631,2019,34,2,90.115
80631,2019,34,3,99.12650000000001
80308,2019,24,1,115.98299999999999
80308,2019,24,2,130.185
80308,2019,24,3,118.35
49661,2019,15,1,174.39839999999998
49661,2019,15,2,158.54399999999998
49661,2019,15,3,153.78767999999997
54404,2019,32,1,93.82559999999998
54404,2019,32,2,102.35519999999997
54404,2019,32,3,81.88415999999998
84395,2019,45,1,133.83167999999998
84395,2019,45,2,153.3488
84395,2019,45,3,133.83167999999998
49661,2019,31,1,154.04352
49661,2019,31,2,158.85738
49661,2019,31,3,160.46200000000002
80308,2019,48,1,115.73652
80308,2019,48,2,118.12284
80308,2019,48,3,131.2476
49661,2019,14,1,174.306
49661,2019,14,2,174.306
49661,2019,14,3,155.29080000000002
80308,2019,5,1,114.54239999999999
80308,2019,5,2,140.256
80308,2019,5,3,114.54239999999999
24125,2019,16,1,109.09700000000001
24125,2019,16,2,120.00670000000002
24125,2019,16,3,106.91506000000001
84395,2019,26,1,138.085
84395,2019,26,2,151.89350000000002
84395,2019,26,3,151.89350000000002
54404,2019,29,1,81.86800000000001
54404,2019,29,2,84.4
54404,2019,29,3,81.86800000000001
49661,2019,27,1,193.428
49661,2019,27,2,157.9662
49661,2019,27,3,177.30900000000003
49661,2019,11,1,158.208
49661,2019,11,2,189.84959999999998
49661,2019,11,3,151.87967999999998
80308,2019,9,1,114.54239999999999
80308,2019,9,2,116.88
80308,2019,9,3,113.3736
24125,2019,15,1,109.46799999999999
24125,2019,15,2,109.46799999999999
24125,2019,15,3,106.18395999999998
49661,2019,8,1,155.62098
49661,2019,8,2,160.434
49661,2019,8,3,155.62098
80308,2019,27,1,114.55506
80308,2019,27,2,129.9078
80308,2019,27,3,114.55506
80631,2019,41,1,109.13759999999999
80631,2019,41,2,100.0428
80631,2019,41,3,88.21955999999999
11050,2019,37,1,108.008
11050,2019,37,2,105.84783999999999
11050,2019,37,3,103.68767999999999
19632,2019,36,1,156.744
19632,2019,36,2,155.17656
19632,2019,36,3,153.60912
84395,2019,7,1,164.28240000000002
84395,2019,7,2,134.16396
84395,2019,7,3,136.90200000000002
80631,2019,47,1,90.29
80631,2019,47,2,88.4842
80631,2019,47,3,90.29
89272,2019,50,1,123.89421999999999
89272,2019,50,2,126.44874
89272,2019,50,3,122.61695999999999
89272,2019,6,1,118.5653
89272,2019,6,2,119.77515
89272,2019,6,3,117.35544999999999
11050,2019,16,1,127.8792
11050,2019,16,2,117.22260000000001
11050,2019,16,3,103.36902
89272,2019,2,1,118.51728
89272,2019,2,2,118.51728
89272,2019,2,3,120.936
89272,2019,46,1,119.45356
89272,2019,46,2,121.91651999999999
89272,2019,46,3,135.46280000000002
89272,2019,47,1,120.20045999999999
89272,2019,47,2,123.91799999999999
89272,2019,47,3,121.43964
84395,2019,41,1,167.59199999999998
84395,2019,41,2,139.66
84395,2019,41,3,135.4702
84395,2019,12,1,132.94432
84395,2019,12,2,137.056
84395,2019,12,3,137.056
84395,2019,27,1,166.48319999999998
84395,2019,27,2,166.48319999999998
84395,2019,27,3,134.57392
11050,2019,41,1,106.99488
11050,2019,41,2,121.33440000000002
11050,2019,41,3,106.99488
80308,2019,44,1,118.5555
80308,2019,44,2,145.17
80308,2019,44,3,118.5555
84395,2019,23,1,137.252
84395,2019,23,2,135.87948
84395,2019,23,3,137.252
49661,2019,31,1,160.46200000000002
49661,2019,31,2,157.25276000000002
49661,2019,31,3,176.50820000000004
89272,2019,47,1,148.70159999999998
89272,2019,47,2,122.67881999999999
89272,2019,47,3,118.96127999999999
54404,2019,33,1,80.29823999999999
54404,2019,33,2,83.64399999999999
54404,2019,33,3,83.64399999999999
54404,2019,28,1,82.06716
54404,2019,28,2,82.06716
54404,2019,28,3,92.1162
54404,2019,19,1,81.2028
54404,2019,19,2,81.2028
54404,2019,19,3,91.146
84395,2019,15,1,131.00928
84395,2019,15,2,136.468
84395,2019,15,3,133.73863999999998
11050,2019,13,1,106.272
11050,2019,13,2,105.20928
11050,2019,13,3,106.272
80631,2019,46,1,88.13807999999999
80631,2019,46,2,89.95535999999998
80631,2019,46,3,87.22943999999998
54404,2019,38,1,81.80648
54404,2019,38,2,81.80648
54404,2019,38,3,81.80648
49661,2019,39,1,159.201
49661,2019,39,2,178.695
49661,2019,39,3,162.45
84395,2019,11,1,133.35448
84395,2019,11,2,149.6836
84395,2019,11,3,130.63296
89272,2019,14,1,145.644
89272,2019,14,2,145.644
89272,2019,14,3,121.37
11050,2019,23,1,103.53197999999999
11050,2019,23,2,104.59931999999999
11050,2019,23,3,104.59931999999999
80308,2019,22,1,112.93727999999999
80308,2019,22,2,115.29013999999998
80308,2019,22,3,115.29013999999998
89272,2019,13,1,119.2856
89272,2019,13,2,120.5028
89272,2019,13,3,119.2856
80631,2019,27,1,88.19
80631,2019,27,2,105.82799999999999
80631,2019,27,3,86.4262
49661,2019,12,1,155.68209000000002
49661,2019,12,2,158.89203
49661,2019,12,3,176.54670000000004
89272,2019,17,1,121.18799999999999
89272,2019,17,2,133.3068
89272,2019,17,3,117.55235999999998
80631,2019,47,1,86.6784
80631,2019,47,2,88.4842
80631,2019,47,3,90.29
49661,2019,50,1,160.3329
49661,2019,50,2,179.9655
49661,2019,50,3,163.605
60870,2019,3,1,113.536
60870,2019,3,2,111.26528
60870,2019,3,3,113.536
80308,2019,9,1,112.20479999999999
80308,2019,9,2,140.256
80308,2019,9,3,128.568
80308,2019,4,1,141.054
80308,2019,4,2,129.29950000000002
80308,2019,4,3,112.8432
89272,2019,39,1,148.58399999999997
89272,2019,39,2,121.3436
89272,2019,39,3,123.82
19632,2019,45,1,150.41208
19632,2019,45,2,153.51336
19632,2019,45,3,148.86144
84395,2019,6,1,163.18200000000002
84395,2019,6,2,163.18200000000002
84395,2019,6,3,149.58350000000002
11050,2019,28,1,106.67103999999999
11050,2019,28,2,119.73280000000001
11050,2019,28,3,119.73280000000001
84395,2019,40,1,153.5105
84395,2019,40,2,138.15945
84395,2019,40,3,133.9728
19632,2019,1,1,166.1165
19632,2019,1,2,181.218
19632,2019,1,3,166.1165
80308,2019,45,1,121.08
80308,2019,45,2,145.296
80308,2019,45,3,121.08
11050,2019,15,1,127.2072
11050,2019,15,2,127.2072
11050,2019,15,3,101.76576
11050,2019,8,1,101.80732
11050,2019,8,2,104.956
11050,2019,8,3,100.75776
80631,2019,26,1,82.49184
80631,2019,26,2,85.06971
80631,2019,26,3,85.929
84395,2019,24,1,151.66250000000002
84395,2019,24,2,135.1175
84395,2019,24,3,137.875
80308,2019,11,1,129.7384
80308,2019,11,2,141.5328
80308,2019,11,3,113.22624
80631,2019,34,1,99.12650000000001
80631,2019,34,2,89.21385
80631,2019,34,3,87.41154999999999
80308,2019,38,1,145.1616
80308,2019,38,2,120.96799999999999
80308,2019,38,3,133.0648
80308,2019,32,1,144.3552
80308,2019,32,2,144.3552
80308,2019,32,3,120.296
54404,2019,26,1,101.54879999999999
54404,2019,26,2,93.0864
54404,2019,26,3,93.0864
89272,2019,19,1,119.4228
89272,2019,19,2,119.4228
89272,2019,19,3,121.86
49661,2019,19,1,154.4064
49661,2019,19,2,157.6232
49661,2019,19,3,160.84
54404,2019,41,1,101.24640000000001
54404,2019,41,2,92.80920000000002
54404,2019,41,3,84.37200000000001
84395,2019,20,1,133.81343999999999
84395,2019,20,2,136.57247999999998
84395,2019,20,3,132.43392
89272,2019,19,1,118.2042
89272,2019,19,2,120.6414
89272,2019,19,3,118.2042
84395,2019,44,1,133.19555
84395,2019,44,2,135.94185
84395,2019,44,3,137.315
11050,2019,50,1,107.53823999999999
11050,2019,50,2,109.77861999999999
11050,2019,50,3,107.53823999999999
80308,2019,22,1,115.29013999999998
80308,2019,22,2,141.17159999999998
80308,2019,22,3,117.64299999999999
84395,2019,4,1,131.32829999999998
84395,2019,4,2,162.468
84395,2019,4,3,148.929
89272,2019,41,1,135.0008
89272,2019,41,2,121.50071999999999
89272,2019,41,3,119.04615999999999
54404,2019,7,1,79.25456
54404,2019,7,2,79.25456
54404,2019,7,3,80.872
84395,2019,8,1,150.26880000000003
84395,2019,8,2,136.608
84395,2019,8,3,133.87584
19632,2019,34,1,155.33
19632,2019,34,2,152.2234
19632,2019,34,3,170.86300000000003
11050,2019,10,1,102.79866
11050,2019,10,2,105.978
11050,2019,10,3,103.85843999999999
54404,2019,10,1,81.124
54404,2019,10,2,81.124
54404,2019,10,3,81.124
84395,2019,10,1,163.686
84395,2019,10,2,133.6769
84395,2019,10,3,130.9488
24125,2019,11,1,109.944
24125,2019,11,2,109.944
24125,2019,11,3,120.93840000000002
84395,2019,36,1,139.744
84395,2019,36,2,138.34656
84395,2019,36,3,139.744
80631,2019,26,1,83.35113
80631,2019,26,2,84.21042
80631,2019,26,3,83.35113
80308,2019,50,1,117.27105999999999
80308,2019,50,2,118.48003999999999
80308,2019,50,3,116.06208
80308,2019,50,1,145.0776
80308,2019,50,2,119.68902
80308,2019,50,3,132.9878
89272,2019,15,1,123.316
89272,2019,15,2,120.84968
89272,2019,15,3,135.6476
54404,2019,35,1,85.632
54404,2019,35,2,102.75840000000001
54404,2019,35,3,82.20672
84395,2019,38,1,153.2795
84395,2019,38,2,167.214
84395,2019,38,3,133.7712
54404,2019,36,1,98.508
54404,2019,36,2,98.508
54404,2019,36,3,78.8064
11050,2019,17,1,102.54064
11050,2019,17,2,116.28320000000001
11050,2019,17,3,116.28320000000001
11050,2019,20,1,102.67967999999999
11050,2019,20,2,105.88842
11050,2019,20,3,103.74925999999999
11050,2019,26,1,103.81042
11050,2019,26,2,105.929
11050,2019,26,3,101.69184
60870,2019,6,1,112.6853
60870,2019,6,2,126.4835
60870,2019,6,3,126.4835
80308,2019,27,1,115.73604
80308,2019,27,2,115.73604
80308,2019,27,3,118.098
89272,2019,5,1,118.46239999999999
89272,2019,5,2,120.88
89272,2019,5,3,132.96800000000002
49661,2019,52,1,199.17359999999996
49661,2019,52,2,199.17359999999996
49661,2019,52,3,182.5758
54404,2019,47,1,84.91799999999999
54404,2019,47,2,83.21963999999998
54404,2019,47,3,82.37046
19632,2019,52,1,171.21720000000002
19632,2019,52,2,171.21720000000002
19632,2019,52,3,155.65200000000002
54404,2019,14,1,80.7226
54404,2019,14,2,81.5463
54404,2019,14,3,82.37
49661,2019,26,1,153.08927999999997
49661,2019,26,2,175.4148
49661,2019,26,3,159.468
80308,2019,28,1,115.82521999999999
80308,2019,28,2,115.82521999999999
80308,2019,28,3,115.82521999999999
89272,2019,38,1,119.37119999999999
89272,2019,38,2,149.214
89272,2019,38,3,120.61465
11050,2019,15,1,101.76576
11050,2019,15,2,127.2072
11050,2019,15,3,103.88588
84395,2019,1,1,129.0048
84395,2019,1,2,131.6924
84395,2019,1,3,131.6924
11050,2019,48,1,123.7214
11050,2019,48,2,112.47399999999999
11050,2019,48,3,110.22451999999998
19632,2019,45,1,148.86144
19632,2019,45,2,151.96272
19632,2019,45,3,155.064
11050,2019,51,1,132.85199999999998
11050,2019,51,2,110.71
11050,2019,51,3,107.38869999999999
11050,2019,6,1,103.86529999999999
11050,2019,6,2,105.985
11050,2019,6,3,103.86529999999999
19632,2019,46,1,152.71045999999998
19632,2019,46,2,152.71045999999998
19632,2019,46,3,171.40970000000002
80308,2019,5,1,113.3736
80308,2019,5,2,115.71119999999999
80308,2019,5,3,112.20479999999999
80308,2019,41,1,147.1104
80308,2019,41,2,120.14016000000001
80308,2019,41,3,120.14016000000001
80308,2019,21,1,119.064
80308,2019,21,2,130.9704
80308,2019,21,3,130.9704
84395,2019,8,1,131.14368
84395,2019,8,2,133.87584
84395,2019,8,3,150.26880000000003
80308,2019,30,1,130.20810000000003
80308,2019,30,2,117.18729
80308,2019,30,3,114.81987000000001
80308,2019,50,1,118.48003999999999
80308,2019,50,2,132.9878
80308,2019,50,3,117.27105999999999
49661,2019,45,1,194.08319999999998
49661,2019,45,2,194.08319999999998
49661,2019,45,3,177.9096
89272,2019,13,1,116.85119999999999
89272,2019,13,2,119.2856
89272,2019,13,3,121.72
24125,2019,16,1,105.82409
24125,2019,16,2,130.9164
24125,2019,16,3,106.91506000000001
54404,2019,29,1,84.4
54404,2019,29,2,101.28
54404,2019,29,3,81.024
54404,2019,18,1,81.5801
54404,2019,18,2,81.5801
54404,2019,18,3,83.245
84395,2019,37,1,136.45520000000002
84395,2019,37,2,136.45520000000002
84395,2019,37,3,153.16400000000002
54404,2019,46,1,83.79588
54404,2019,46,2,102.60719999999999
54404,2019,46,3,85.506
54404,2019,3,1,78.85324
54404,2019,3,2,79.66616
54404,2019,3,3,81.292
80631,2019,34,1,87.41154999999999
80631,2019,34,2,88.31269999999999
80631,2019,34,3,86.51039999999999
84395,2019,47,1,169.1712
84395,2019,47,2,169.1712
84395,2019,47,3,136.74671999999998
49661,2019,39,1,159.201
49661,2019,39,2,194.93999999999997
49661,2019,39,3,162.45
54404,2019,42,1,83.82351999999999
54404,2019,42,2,86.416
54404,2019,42,3,86.416
89272,2019,21,1,147.072
89272,2019,21,2,147.072
89272,2019,21,3,120.1088
11050,2019,24,1,104.568
11050,2019,24,2,119.81750000000001
11050,2019,24,3,106.7465
80631,2019,36,1,85.56960000000001
80631,2019,36,2,98.04850000000002
80631,2019,36,3,98.04850000000002
60870,2019,4,1,111.33175
60870,2019,4,2,112.4795
60870,2019,4,3,126.25250000000001
54404,2019,35,1,94.19520000000001
54404,2019,35,2,83.91936
54404,2019,35,3,94.19520000000001
19632,2019,34,1,170.86300000000003
19632,2019,34,2,155.33
19632,2019,34,3,170.86300000000003
24125,2019,19,1,120.30700000000002
24125,2019,19,2,107.18260000000001
24125,2019,19,3,120.30700000000002
80631,2019,42,1,110.06159999999998
80631,2019,42,2,89.88363999999999
80631,2019,42,3,88.96645999999998
80308,2019,25,1,116.07903999999999
80308,2019,25,2,116.07903999999999
80308,2019,25,3,113.71007999999999
60870,2019,1,1,125.52100000000002
60870,2019,1,2,114.11
60870,2019,1,3,114.11
11050,2019,49,1,122.32000000000001
11050,2019,49,2,122.32000000000001
11050,2019,49,3,122.32000000000001
84395,2019,37,1,139.24
84395,2019,37,2,137.8476
84395,2019,37,3,135.0628
11050,2019,14,1,102.29619999999998
11050,2019,14,2,103.35079999999999
11050,2019,14,3,102.29619999999998
80308,2019,37,1,120.85600000000001
80308,2019,37,2,132.94160000000002
80308,2019,37,3,118.43888000000001
80631,2019,22,1,86.64299999999999
80631,2019,22,2,84.91013999999998
80631,2019,22,3,83.17727999999998
89272,2019,40,1,124.555
89272,2019,40,2,123.30945000000001
89272,2019,40,3,120.81835000000001
80308,2019,46,1,148.68120000000002
80308,2019,46,2,123.90100000000001
80308,2019,46,3,123.90100000000001
84395,2019,47,1,136.74671999999998
84395,2019,47,2,139.56624
84395,2019,47,3,135.33696
80631,2019,34,1,86.51039999999999
80631,2019,34,2,108.13799999999999
80631,2019,34,3,88.31269999999999
49661,2019,45,1,156.88392
49661,2019,45,2,177.9096
49661,2019,45,3,156.88392
80308,2019,29,1,118.1096
80308,2019,29,2,119.31479999999999
80308,2019,29,3,118.1096
54404,2019,51,1,94.59560000000002
54404,2019,51,2,85.99600000000001
54404,2019,51,3,84.27608000000001
49661,2019,22,1,159.132
49661,2019,22,2,159.132
49661,2019,22,3,154.35804
84395,2019,43,1,141.186
84395,2019,43,2,138.36228
84395,2019,43,3,136.95042
89272,2019,25,1,117.74248
89272,2019,25,2,145.6608
89272,2019,25,3,117.74248
84395,2019,40,1,139.555
84395,2019,40,2,138.15945
84395,2019,40,3,139.555
49661,2019,9,1,153.7062
49661,2019,9,2,155.29080000000002
49661,2019,9,3,174.306
60870,2019,1,1,111.8278
60870,2019,1,2,125.52100000000002
60870,2019,1,3,109.5456
84395,2019,45,1,167.28959999999998
84395,2019,45,2,153.3488
84395,2019,45,3,135.22575999999998
80631,2019,51,1,90.71
80631,2019,51,2,90.71
80631,2019,51,3,87.9887
49661,2019,49,1,179.85000000000002
49661,2019,49,2,179.85000000000002
49661,2019,49,3,179.85000000000002
11050,2019,35,1,105.66948000000001
11050,2019,35,2,107.82600000000001
11050,2019,35,3,107.82600000000001
84395,2019,43,1,141.186
84395,2019,43,2,138.36228
84395,2019,43,3,155.30460000000002
11050,2019,8,1,101.80732
11050,2019,8,2,103.90644
11050,2019,8,3,104.956
54404,2019,37,1,79.46496
54404,2019,37,2,91.05360000000002
54404,2019,37,3,82.77600000000001
80308,2019,52,1,134.7896
80308,2019,52,2,122.536
80308,2019,52,3,134.7896
54404,2019,49,1,85.8
54404,2019,49,2,102.96
54404,2019,49,3,84.08399999999999
24125,2019,21,1,107.73208
24125,2019,21,2,109.95335999999999
24125,2019,21,3,111.064
80308,2019,17,1,114.84423999999999
80308,2019,17,2,117.18799999999999
80308,2019,17,3,117.18799999999999
80631,2019,35,1,84.31296
80631,2019,35,2,87.82600000000001
80631,2019,35,3,85.19122
49661,2019,41,1,156.77184
49661,2019,41,2,195.9648
49661,2019,41,3,179.63440000000003
19632,2019,47,1,187.92479999999998
19632,2019,47,2,153.47191999999998
19632,2019,47,3,172.2644
60870,2019,13,1,140.4768
60870,2019,13,2,117.064
60870,2019,13,3,128.7704
11050,2019,27,1,117.80780000000001
11050,2019,27,2,104.95604
11050,2019,27,3,117.80780000000001
80308,2019,6,1,113.07167999999999
80308,2019,6,2,141.3396
80308,2019,6,3,117.78299999999999
54404,2019,40,1,83.64399999999999
54404,2019,40,2,100.37279999999998
54404,2019,40,3,80.29823999999999
80631,2019,41,1,87.31007999999999
80631,2019,41,2,89.12903999999999
80631,2019,41,3,100.0428
11050,2019,1,1,126.57
11050,2019,1,2,103.3655
11050,2019,1,3,101.25599999999999
54404,2019,51,1,84.27608000000001
54404,2019,51,2,85.13604000000001
54404,2019,51,3,82.55616
54404,2019,18,1,79.9152
54404,2019,18,2,81.5801
54404,2019,18,3,83.245
54404,2019,42,1,86.416
54404,2019,42,2,85.55184
54404,2019,42,3,95.05760000000001
84395,2019,49,1,153.78000000000003
84395,2019,49,2,153.78000000000003
84395,2019,49,3,139.8
89272,2019,32,1,122.37946000000001
89272,2019,32,2,124.87700000000001
89272,2019,32,3,119.88192000000001
49661,2019,30,1,155.04479999999998
49661,2019,30,2,158.2749
49661,2019,30,3,161.505
84395,2019,19,1,131.856
84395,2019,19,2,137.35
84395,2019,19,3,131.856
80308,2019,37,1,116.02176
80308,2019,37,2,119.64744
80308,2019,37,3,132.94160000000002
80631,2019,20,1,96.74720000000002
80631,2019,20,2,86.19296000000001
80631,2019,20,3,96.74720000000002
80308,2019,23,1,131.78660000000002
80308,2019,23,2,119.806
80308,2019,23,3,119.806
80308,2019,14,1,143.028
80308,2019,14,2,117.9981
80308,2019,14,3,114.4224
89272,2019,39,1,121.3436
89272,2019,39,2,122.58179999999999
89272,2019,39,3,118.86719999999998
54404,2019,34,1,103.338
54404,2019,34,2,86.115
54404,2019,34,3,82.67039999999999
11050,2019,28,1,106.67103999999999
11050,2019,28,2,107.75952
11050,2019,28,3,108.848
84395,2019,26,1,138.085
84395,2019,26,2,135.32330000000002
84395,2019,26,3,138.085
11050,2019,10,1,101.73888
11050,2019,10,2,104.91821999999999
11050,2019,10,3,103.85843999999999
80631,2019,48,1,101.7214
80631,2019,48,2,110.96879999999999
80631,2019,48,3,92.47399999999999
80308,2019,19,1,113.8489
80308,2019,19,2,117.37
80308,2019,19,3,129.10700000000003
24125,2019,17,1,109.80311999999999
24125,2019,17,2,123.2484
24125,2019,17,3,108.68267999999999
11050,2019,47,1,134.8176
11050,2019,47,2,112.348
11050,2019,47,3,107.85408
84395,2019,45,1,135.22575999999998
84395,2019,45,2,136.61983999999998
84395,2019,45,3,133.83167999999998
89272,2019,43,1,118.61184
89272,2019,43,2,123.554
89272,2019,43,3,135.9094
54404,2019,41,1,80.99712000000001
54404,2019,41,2,101.24640000000001
54404,2019,41,3,92.80920000000002
54404,2019,47,1,81.52127999999999
54404,2019,47,2,84.91799999999999
54404,2019,47,3,84.91799999999999
84395,2019,7,1,164.28240000000002
84395,2019,7,2,136.90200000000002
84395,2019,7,3,131.42592000000002
89272,2019,41,1,147.2736
89272,2019,41,2,135.0008
89272,2019,41,3,119.04615999999999
84395,2019,1,1,131.6924
84395,2019,1,2,134.38
84395,2019,1,3,131.6924
84395,2019,16,1,163.31640000000002
84395,2019,16,2,134.73603
84395,2019,16,3,130.65312
84395,2019,31,1,152.47100000000003
84395,2019,31,2,152.47100000000003
84395,2019,31,3,133.06560000000002
80308,2019,40,1,144.666
80308,2019,40,2,118.1439
80308,2019,40,3,118.1439
19632,2019,40,1,157.192
19632,2019,40,2,188.6304
19632,2019,40,3,152.47624
49661,2019,17,1,152.82047999999998
49661,2019,17,2,156.00423999999998
49661,2019,17,3,159.188
19632,2019,45,1,150.41208
19632,2019,45,2,153.51336
19632,2019,45,3,155.064
24125,2019,13,1,105.12472
24125,2019,13,2,106.20848000000001
24125,2019,13,3,119.21360000000001
11050,2019,2,1,103.4537
11050,2019,2,2,105.565
11050,2019,2,3,103.4537
84395,2019,43,1,169.4232
84395,2019,43,2,139.77414000000002
84395,2019,43,3,141.186
89272,2019,27,1,118.78656
89272,2019,27,2,122.49864000000001
89272,2019,27,3,121.26128
49661,2019,14,1,155.29080000000002
49661,2019,14,2,158.46
49661,2019,14,3,152.1216
11050,2019,27,1,107.098
11050,2019,27,2,104.95604
11050,2019,27,3,107.098
11050,2019,9,1,102.29619999999998
11050,2019,9,2,105.46
11050,2019,9,3,101.24159999999999
54404,2019,16,1,91.8544
54404,2019,16,2,100.20479999999999
54404,2019,16,3,83.50399999999999
84395,2019,30,1,150.48440000000002
84395,2019,30,2,136.804
84395,2019,30,3,132.69988
24125,2019,19,1,106.0889
24125,2019,19,2,131.244
24125,2019,19,3,109.37
49661,2019,18,1,154.03212
49661,2019,18,2,155.62008
49661,2019,18,3,152.44415999999998
84395,2019,51,1,155.56640000000002
84395,2019,51,2,169.7088
84395,2019,51,3,135.76704
49661,2019,25,1,192.53759999999997
49661,2019,25,2,176.4928
49661,2019,25,3,157.23904
80631,2019,37,1,85.67039999999999
80631,2019,37,2,87.45519999999999
80631,2019,37,3,87.45519999999999
54404,2019,29,1,82.712
54404,2019,29,2,101.28
54404,2019,29,3,84.4
89272,2019,41,1,135.0008
89272,2019,41,2,121.50071999999999
89272,2019,41,3,119.04615999999999
80631,2019,31,1,84.51456
80631,2019,31,2,105.6432
80631,2019,31,3,96.8396
80631,2019,49,1,88.69
80631,2019,49,2,90.5
80631,2019,49,3,86.88
80308,2019,38,1,145.1616
80308,2019,38,2,133.0648
80308,2019,38,3,118.54863999999999
19632,2019,46,1,171.40970000000002
19632,2019,46,2,171.40970000000002
19632,2019,46,3,151.15219
80308,2019,48,1,143.1792
80308,2019,48,2,116.92968
80308,2019,48,3,119.316
84395,2019,40,1,135.36835
84395,2019,40,2,167.466
84395,2019,40,3,153.5105
89272,2019,33,1,119.53504000000001
89272,2019,33,2,135.5552
89272,2019,33,3,120.76736000000001
11050,2019,8,1,102.85688
11050,2019,8,2,104.956
11050,2019,8,3,101.80732
80308,2019,29,1,120.52
80308,2019,29,2,119.31479999999999
80308,2019,29,3,132.572
80308,2019,16,1,114.94887999999999
80308,2019,16,2,130.3544
80308,2019,16,3,114.94887999999999
80308,2019,20,1,115.11178
80308,2019,20,2,129.2071
80308,2019,20,3,113.93717
84395,2019,44,1,134.5687
84395,2019,44,2,137.315
84395,2019,44,3,151.0465
19632,2019,40,1,154.04816
19632,2019,40,2,157.192
19632,2019,40,3,150.90432
84395,2019,17,1,165.13920000000002
84395,2019,17,2,151.37760000000003
84395,2019,17,3,132.11136000000002
49661,2019,50,1,179.9655
49661,2019,50,2,179.9655
49661,2019,50,3,163.605
89272,2019,3,1,120.292
89272,2019,3,2,119.08908
89272,2019,3,3,115.48031999999999
54404,2019,17,1,81.10752
54404,2019,17,2,100.33919999999999
54404,2019,17,3,80.27136
49661,2019,27,1,154.7424
49661,2019,27,2,157.9662
49661,2019,27,3,154.7424
89272,2019,45,1,123.23696000000001
89272,2019,45,2,125.75200000000001
89272,2019,45,3,125.75200000000001
49661,2019,23,1,176.84700000000004
49661,2019,23,2,176.84700000000004
49661,2019,23,3,154.3392
49661,2019,25,1,192.53759999999997
49661,2019,25,2,160.44799999999998
49661,2019,25,3,155.63455999999996
11050,2019,8,1,101.80732
11050,2019,8,2,102.85688
11050,2019,8,3,101.80732
54404,2019,12,1,79.70877999999999
54404,2019,12,2,82.17399999999999
54404,2019,12,3,79.70877999999999
89272,2019,14,1,117.7289
89272,2019,14,2,121.37
89272,2019,14,3,121.37
80631,2019,28,1,84.03692000000001
80631,2019,28,2,95.29960000000001
80631,2019,28,3,86.63600000000001
19632,2019,37,1,172.54160000000002
19632,2019,37,2,172.54160000000002
19632,2019,37,3,156.856
54404,2019,17,1,83.616
54404,2019,17,2,82.77984
54404,2019,17,3,91.97760000000001
49661,2019,52,1,160.99865999999997
49661,2019,52,2,199.17359999999996
49661,2019,52,3,160.99865999999997
60870,2019,2,1,136.1424
60870,2019,2,2,136.1424
60870,2019,2,3,110.04844000000001
89272,2019,18,1,133.93820000000002
89272,2019,18,2,146.1144
89272,2019,18,3,121.762
54404,2019,9,1,90.992
54404,2019,9,2,82.72
54404,2019,9,3,82.72
54404,2019,19,1,80.3742
54404,2019,19,2,99.432
54404,2019,19,3,82.86
49661,2019,11,1,158.208
49661,2019,11,2,174.02880000000002
49661,2019,11,3,158.208
11050,2019,40,1,131.466
11050,2019,40,2,107.3639
11050,2019,40,3,107.3639
19632,2019,39,1,154.5558
19632,2019,39,2,189.252
19632,2019,39,3,173.48100000000002
54404,2019,24,1,83.741
54404,2019,24,2,93.995
54404,2019,24,3,82.8865
89272,2019,51,1,149.9952
89272,2019,51,2,123.74604000000001
89272,2019,51,3,121.24612
80308,2019,25,1,118.448
80308,2019,25,2,142.1376
80308,2019,25,3,130.2928
54404,2019,15,1,83.854
54404,2019,15,2,83.01546
54404,2019,15,3,82.17692
80308,2019,15,1,116.92968
80308,2019,15,2,118.12284
80308,2019,15,3,114.54335999999999
89272,2019,51,1,122.49608
89272,2019,51,2,149.9952
89272,2019,51,3,137.49560000000002
80308,2019,1,1,128.1225
80308,2019,1,2,115.31025
80308,2019,1,3,116.475
11050,2019,5,1,126.5856
11050,2019,5,2,104.43312
11050,2019,5,3,105.488
80631,2019,38,1,86.06034000000001
80631,2019,38,2,87.83478000000001
80631,2019,38,3,85.17312000000001
80631,2019,42,1,88.96645999999998
80631,2019,42,2,90.80081999999999
80631,2019,42,3,88.96645999999998
80308,2019,6,1,115.42733999999999
80308,2019,6,2,116.60516999999999
80308,2019,6,3,115.42733999999999
60870,2019,1,1,125.52100000000002
60870,2019,1,2,114.11
60870,2019,1,3,109.5456
54404,2019,44,1,100.776
54404,2019,44,2,82.3004
54404,2019,44,3,81.4606
84395,2019,9,1,131.3962
84395,2019,9,2,149.00600000000003
84395,2019,9,3,149.00600000000003
49661,2019,1,1,154.42885
49661,2019,1,2,159.205
49661,2019,1,3,159.205
54404,2019,13,1,83.16799999999999
54404,2019,13,2,83.16799999999999
54404,2019,13,3,83.16799999999999
80308,2019,1,1,128.1225
80308,2019,1,2,115.31025
80308,2019,1,3,128.1225
89272,2019,11,1,133.66100000000003
89272,2019,11,2,119.0798
89272,2019,11,3,117.8647
49661,2019,28,1,177.4245
49661,2019,28,2,177.4245
49661,2019,28,3,161.295
80631,2019,33,1,105.87840000000001
80631,2019,33,2,105.87840000000001
80631,2019,33,3,85.58504
80308,2019,42,1,134.2737
80308,2019,42,2,119.62566
80308,2019,42,3,117.18431999999999
54404,2019,41,1,92.80920000000002
54404,2019,41,2,84.37200000000001
54404,2019,41,3,81.84084000000001
80631,2019,31,1,85.39492
80631,2019,31,2,86.27528
80631,2019,31,3,88.036
80631,2019,41,1,100.0428
80631,2019,41,2,89.12903999999999
80631,2019,41,3,89.12903999999999
49661,2019,22,1,154.35804
49661,2019,22,2,157.54068
49661,2019,22,3,154.35804
89272,2019,25,1,133.5224
89272,2019,25,2,121.384
89272,2019,25,3,117.74248
49661,2019,19,1,176.924
49661,2019,19,2,193.008
49661,2019,19,3,156.0148
49661,2019,21,1,155.86704
49661,2019,21,2,190.8576
49661,2019,21,3,155.86704
49661,2019,30,1,177.65550000000002
49661,2019,30,2,193.80599999999998
49661,2019,30,3,177.65550000000002
24125,2019,21,1,133.27679999999998
24125,2019,21,2,122.1704
24125,2019,21,3,108.84271999999999
54404,2019,45,1,83.28192
54404,2019,45,2,95.42720000000001
54404,2019,45,3,84.14944000000001
89272,2019,17,1,121.18799999999999
89272,2019,17,2,133.3068
89272,2019,17,3,117.55235999999998
84395,2019,15,1,150.1148
84395,2019,15,2,135.10332
84395,2019,15,3,132.37395999999998
24125,2019,21,1,108.84271999999999
24125,2019,21,2,122.1704
24125,2019,21,3,108.84271999999999
84395,2019,7,1,136.90200000000002
84395,2019,7,2,136.90200000000002
84395,2019,7,3,134.16396
80631,2019,52,1,101.48270000000001
80631,2019,52,2,110.7084
80631,2019,52,3,92.257
84395,2019,45,1,153.3488
84395,2019,45,2,153.3488
84395,2019,45,3,133.83167999999998
49661,2019,18,1,158.796
49661,2019,18,2,155.62008
49661,2019,18,3,154.03212
80308,2019,4,1,117.545
80308,2019,4,2,129.29950000000002
80308,2019,4,3,115.1941
89272,2019,20,1,122.95200000000001
89272,2019,20,2,135.24720000000002
89272,2019,20,3,122.95200000000001
49661,2019,36,1,178.3485
49661,2019,36,2,178.3485
49661,2019,36,3,162.135
89272,2019,30,1,118.56479999999999
89272,2019,30,2,121.0349
89272,2019,30,3,119.79984999999999
80308,2019,44,1,120.975
80308,2019,44,2,119.76525
80308,2019,44,3,118.5555
11050,2019,33,1,109.40799999999999
11050,2019,33,2,109.40799999999999
11050,2019,33,3,120.3488
49661,2019,34,1,155.91295
49661,2019,34,2,176.80850000000004
49661,2019,34,3,154.3056
80631,2019,26,1,83.35113
80631,2019,26,2,85.06971
80631,2019,26,3,84.21042
89272,2019,50,1,122.61695999999999
89272,2019,50,2,153.2712
89272,2019,50,3,125.17148
49661,2019,26,1,156.27864
49661,2019,26,2,159.468
49661,2019,26,3,159.468
89272,2019,20,1,135.24720000000002
89272,2019,20,2,120.49296000000001
89272,2019,20,3,122.95200000000001
84395,2019,30,1,136.804
84395,2019,30,2,135.43596
84395,2019,30,3,136.804
89272,2019,43,1,135.9094
89272,2019,43,2,121.08292
89272,2019,43,3,121.08292
80308,2019,39,1,113.78099999999999
80308,2019,39,2,116.127
80308,2019,39,3,129.03
54404,2019,14,1,80.7226
54404,2019,14,2,80.7226
54404,2019,14,3,79.8989
11050,2019,27,1,107.098
11050,2019,27,2,107.098
11050,2019,27,3,104.95604
89272,2019,32,1,124.87700000000001
89272,2019,32,2,122.37946000000001
89272,2019,32,3,137.36470000000003
80631,2019,30,1,88.505
80631,2019,30,2,88.505
80631,2019,30,3,84.9648
11050,2019,40,1,107.3639
11050,2019,40,2,109.555
11050,2019,40,3,120.51050000000002
80308,2019,32,1,132.3256
80308,2019,32,2,117.89008
80308,2019,32,3,117.89008
49661,2019,30,1,193.80599999999998
49661,2019,30,2,161.505
49661,2019,30,3,177.65550000000002
89272,2019,37,1,120.5128
89272,2019,37,2,124.24
89272,2019,37,3,120.5128
19632,2019,37,1,152.15032
19632,2019,37,2,156.856
19632,2019,37,3,156.856
80308,2019,43,1,117.88215999999998
80308,2019,43,2,119.09743999999999
80308,2019,43,3,119.09743999999999
80631,2019,27,1,97.009
80631,2019,27,2,97.009
80631,2019,27,3,85.54429999999999
84395,2019,47,1,169.1712
84395,2019,47,2,138.15648
84395,2019,47,3,155.0736
80308,2019,52,1,147.04319999999998
80308,2019,52,2,122.536
80308,2019,52,3,134.7896
54404,2019,41,1,80.99712000000001
54404,2019,41,2,84.37200000000001
54404,2019,41,3,80.99712000000001
80631,2019,40,1,88.281
80631,2019,40,2,88.281
80631,2019,40,3,84.74976000000001
84395,2019,30,1,150.48440000000002
84395,2019,30,2,164.16479999999999
84395,2019,30,3,150.48440000000002
11050,2019,46,1,131.4072
11050,2019,46,2,120.45660000000001
11050,2019,46,3,107.31587999999999
80308,2019,18,1,130.6008
80308,2019,18,2,117.54072
80308,2019,18,3,113.97887999999999
54404,2019,52,1,94.7034
54404,2019,52,2,86.094
54404,2019,52,3,94.7034
54404,2019,21,1,80.90096000000001
54404,2019,21,2,90.80720000000001
54404,2019,21,3,82.552
60870,2019,4,1,111.33175
60870,2019,4,2,112.4795
60870,2019,4,3,126.25250000000001
89272,2019,24,1,123.4
89272,2019,24,2,123.4
89272,2019,24,3,118.464
54404,2019,20,1,99.5496
54404,2019,20,2,82.12841999999999
54404,2019,20,3,79.63968
60870,2019,10,1,126.94550000000001
60870,2019,10,2,114.25095
60870,2019,10,3,110.7888
54404,2019,36,1,98.508
54404,2019,36,2,81.26910000000001
54404,2019,36,3,80.4482
19632,2019,38,1,158.83700000000002
19632,2019,38,2,158.83700000000002
19632,2019,38,3,155.66026000000002
54404,2019,14,1,90.60700000000001
54404,2019,14,2,90.60700000000001
54404,2019,14,3,80.7226
24125,2019,10,1,104.88028
24125,2019,10,2,129.7488
24125,2019,10,3,118.9364
49661,2019,24,1,159.825
49661,2019,24,2,159.825
49661,2019,24,3,156.62849999999997
84395,2019,7,1,136.90200000000002
84395,2019,7,2,150.59220000000002
84395,2019,7,3,134.16396
84395,2019,14,1,130.9152
84395,2019,14,2,135.0063
84395,2019,14,3,133.64260000000002
54404,2019,45,1,85.01696000000001
54404,2019,45,2,85.88448000000001
54404,2019,45,3,95.42720000000001
54404,2019,31,1,82.07169999999999
54404,2019,31,2,101.532
54404,2019,31,3,81.2256
80631,2019,51,1,108.85199999999999
80631,2019,51,2,90.71
80631,2019,51,3,90.71
19632,2019,39,1,173.48100000000002
19632,2019,39,2,189.252
19632,2019,39,3,173.48100000000002
89272,2019,50,1,153.2712
89272,2019,50,2,140.4986
89272,2019,50,3,125.17148
54404,2019,1,1,82.205
54404,2019,1,2,81.38295
54404,2019,1,3,79.73885
49661,2019,52,1,159.33888
49661,2019,52,2,182.5758
49661,2019,52,3,182.5758
89272,2019,17,1,117.55235999999998
89272,2019,17,2,133.3068
89272,2019,17,3,133.3068
80308,2019,13,1,128.01360000000003
80308,2019,13,2,114.04848
80308,2019,13,3,112.88472
11050,2019,36,1,110.962
11050,2019,36,2,109.85238
11050,2019,36,3,108.74276
89272,2019,4,1,116.0314
89272,2019,4,2,118.4238
89272,2019,4,3,116.0314
54404,2019,37,1,91.05360000000002
54404,2019,37,2,99.33120000000001
54404,2019,37,3,79.46496
19632,2019,43,1,149.33184
19632,2019,43,2,171.10940000000002
19632,2019,43,3,149.33184
49661,2019,19,1,156.0148
49661,2019,19,2,176.924
49661,2019,19,3,157.6232
80308,2019,19,1,129.10700000000003
80308,2019,19,2,129.10700000000003
80308,2019,19,3,113.8489
80308,2019,7,1,112.4064
80308,2019,7,2,115.9191
80308,2019,7,3,113.5773
54404,2019,37,1,81.12048000000001
54404,2019,37,2,82.77600000000001
54404,2019,37,3,81.12048000000001
84395,2019,3,1,150.48440000000002
84395,2019,3,2,136.804
84395,2019,3,3,131.33184
11050,2019,36,1,133.1544
11050,2019,36,2,110.962
11050,2019,36,3,106.52352
54404,2019,49,1,83.226
54404,2019,49,2,84.08399999999999
54404,2019,49,3,83.226
80308,2019,21,1,130.9704
80308,2019,21,2,117.87335999999999
80308,2019,21,3,114.30143999999999
11050,2019,45,1,108.736
11050,2019,45,2,119.60960000000001
11050,2019,45,3,119.60960000000001
60870,2019,9,1,114.04
60870,2019,9,2,136.848
60870,2019,9,3,111.7592
80308,2019,30,1,114.81987000000001
80308,2019,30,2,130.20810000000003
80308,2019,30,3,114.81987000000001
24125,2019,20,1,107.14134999999999
24125,2019,20,2,108.24589999999999
24125,2019,20,3,110.455
84395,2019,52,1,136.59055
84395,2019,52,2,154.8965
84395,2019,52,3,154.8965
80631,2019,27,1,85.54429999999999
80631,2019,27,2,97.009
80631,2019,27,3,97.009
89272,2019,9,1,144.552
89272,2019,9,2,118.0508
89272,2019,9,3,115.64159999999998
11050,2019,3,1,101.39992
11050,2019,3,2,125.44319999999999
11050,2019,3,3,102.44528
80308,2019,1,1,111.81599999999999
80308,2019,1,2,128.1225
80308,2019,1,3,128.1225
54404,2019,18,1,80.74765000000001
54404,2019,18,2,81.5801
54404,2019,18,3,80.74765000000001
84395,2019,27,1,138.736
84395,2019,27,2,138.736
84395,2019,27,3,134.57392
11050,2019,11,1,103.95448
11050,2019,11,2,116.68360000000001
11050,2019,11,3,102.89372
80308,2019,2,1,113.42792
80308,2019,2,2,128.6296
80308,2019,2,3,128.6296
89272,2019,18,1,121.762
89272,2019,18,2,133.93820000000002
89272,2019,18,3,121.762
80308,2019,47,1,115.77984
80308,2019,47,2,118.19192
80308,2019,47,3,116.98588
